;N°;CODIGO;MZ;LOTE;ETAPA;AREA;UBICACIÓN;PRECIO LISTA;DSCTO POR PRE-VENTA;PRECIO FINAL;INICIAL;;;;;;;;;;;;;;;;
;1;D13;D;13;1;200;ESTANDAR;S/ 45,000.00;S/ 5,000.00;S/ 40,000.00;S/ 6,000.00;;;;;;;;;;;;;;;;
;2;D14;D;14;1;200;ESTANDAR;S/ 45,000.00;S/ 5,000.00;S/ 40,000.00;S/ 6,000.00;;;;;;;;;;;;;;;;
;3;D17;D;17;1;200;ESTANDAR;S/ 45,000.00;S/ 5,000.00;S/ 40,000.00;S/ 6,000.00;;;;;;;;;;;;;;;;
;4;E8;E;8;1;200;ESTANDAR;S/ 45,000.00;S/ 5,000.00;S/ 40,000.00;S/ 6,000.00;;;;;;;;;;;;;;;;
;5;E9;E;9;1;200;ESTANDAR;S/ 45,000.00;S/ 5,000.00;S/ 40,000.00;S/ 6,000.00;;;;;;;;;;;;;;;;
;6;E10;E;10;1;200;ESTANDAR;S/ 45,000.00;S/ 5,000.00;S/ 40,000.00;S/ 6,000.00;;;;;;;;;;;;;;;;
;7;E11;E;11;1;200;ESTANDAR;S/ 45,000.00;S/ 5,000.00;S/ 40,000.00;S/ 6,000.00;;;;;;;;;;;;;;;;
;8;E12;E;12;1;200;ESQUINA;S/ 51,000.00;S/ 5,000.00;S/ 46,000.00;S/ 6,000.00;;;;;;;;;;;;;;;;
;9;E14;E;14;1;200;ESTANDAR;S/ 45,000.00;S/ 5,000.00;S/ 40,000.00;S/ 6,000.00;;;;;;;;;;;;;;;;
;10;E15;E;15;1;200;ESTANDAR;S/ 45,000.00;S/ 5,000.00;S/ 40,000.00;S/ 6,000.00;;;;;;;;;;;;;;;;
;11;E16;E;16;1;200;ESTANDAR;S/ 45,000.00;S/ 5,000.00;S/ 40,000.00;S/ 6,000.00;;;;;;;;;;;;;;;;
;12;E17;E;17;1;200;ESTANDAR;S/ 45,000.00;S/ 5,000.00;S/ 40,000.00;S/ 6,000.00;;;;;;;;;;;;;;;;
;13;E18;E;18;1;200;ESTANDAR;S/ 45,000.00;S/ 5,000.00;S/ 40,000.00;S/ 6,000.00;;;;;;;;;;;;;;;;
;14;F10;F;10;1;200;ESTANDAR;S/ 45,000.00;S/ 5,000.00;S/ 40,000.00;S/ 6,000.00;;;;;;;;;;;;;;;;
;15;F11;F;11;1;200;ESTANDAR;S/ 45,000.00;S/ 5,000.00;S/ 40,000.00;S/ 6,000.00;;;;;;;;;;;;;;;;
;16;F12;F;12;1;200;ESTANDAR;S/ 45,000.00;S/ 5,000.00;S/ 40,000.00;S/ 6,000.00;;;;;;;;;;;;;;;;
;17;F13;F;13;1;200;ESTANDAR;S/ 45,000.00;S/ 5,000.00;S/ 40,000.00;S/ 6,000.00;;;;;;;;;;;;;;;;
;18;F14;F;14;1;200;ESTANDAR;S/ 45,000.00;S/ 5,000.00;S/ 40,000.00;S/ 6,000.00;;;;;;;;;;;;;;;;
;19;F15;F;15;1;200;ESTANDAR;S/ 45,000.00;S/ 5,000.00;S/ 40,000.00;S/ 6,000.00;;;;;;;;;;;;;;;;
;20;F16;F;16;1;200;ESTANDAR;S/ 45,000.00;S/ 5,000.00;S/ 40,000.00;S/ 6,000.00;;;;;;;;;;;;;;;;
;21;F17;F;17;1;200;ESTANDAR;S/ 45,000.00;S/ 5,000.00;S/ 40,000.00;S/ 6,000.00;;;;;;;;;;;;;;;;
;22;G2;G;2;2;200;ESTANDAR;S/ 34,000.00;S/ 5,000.00;S/ 29,000.00;S/ 2,000.00;;;;;;;;;;;;;;;;
;23;G3;G;3;2;200;ESTANDAR;S/ 34,000.00;S/ 5,000.00;S/ 29,000.00;S/ 2,000.00;;;;;;;;;;;;;;;;
;24;G4;G;4;2;200;ESTANDAR;S/ 34,000.00;S/ 5,000.00;S/ 29,000.00;S/ 2,000.00;;;;;;;;;;;;;;;;
;25;G5;G;5;2;200;ESTANDAR;S/ 34,000.00;S/ 5,000.00;S/ 29,000.00;S/ 2,000.00;;;;;;;;;;;;;;;;
;26;G6;G;6;2;200;ESTANDAR;S/ 34,000.00;S/ 5,000.00;S/ 29,000.00;S/ 2,000.00;;;;;;;;;;;;;;;;
;27;G7;G;7;2;200;FRENTE CLUB HOUSE;S/ 45,000.00;S/ 5,000.00;S/ 40,000.00;S/ 2,000.00;;;;;;;;;;;;;;;;
;28;G10;G;10;2;200;FRENTE CLUB HOUSE;S/ 45,000.00;S/ 5,000.00;S/ 40,000.00;S/ 2,000.00;;;;;;;;;;;;;;;;
;29;G11;G;11;2;200;FRENTE CLUB HOUSE;S/ 45,000.00;S/ 5,000.00;S/ 40,000.00;S/ 2,000.00;;;;;;;;;;;;;;;;
;30;G12;G;12;2;200;FRENTE CLUB HOUSE;S/ 45,000.00;S/ 5,000.00;S/ 40,000.00;S/ 2,000.00;;;;;;;;;;;;;;;;
;31;G13;G;13;2;200;FRENTE CLUB HOUSE;S/ 45,000.00;S/ 5,000.00;S/ 40,000.00;S/ 2,000.00;;;;;;;;;;;;;;;;
;32;G14;G;14;2;200;FRENTE CLUB HOUSE;S/ 45,000.00;S/ 5,000.00;S/ 40,000.00;S/ 2,000.00;;;;;;;;;;;;;;;;
;33;G15;G;15;2;200;FRENTE CLUB HOUSE;S/ 45,000.00;S/ 5,000.00;S/ 40,000.00;S/ 2,000.00;;;;;;;;;;;;;;;;
;34;G16;G;16;2;200;ESTANDAR;S/ 34,000.00;S/ 5,000.00;S/ 29,000.00;S/ 2,000.00;;;;;;;;;;;;;;;;
;35;H2;H;2;2;200.03;ESTANDAR;S/ 34,004.35;S/ 5,000.00;S/ 29,004.35;S/ 2,000.00;;;;;;;;;;;;;;;;
;36;H3;H;3;2;200.03;ESTANDAR;S/ 34,004.35;S/ 5,000.00;S/ 29,004.35;S/ 2,000.00;;;;;;;;;;;;;;;;
;37;H4;H;4;2;200.03;ESTANDAR;S/ 34,004.35;S/ 5,000.00;S/ 29,004.35;S/ 2,000.00;;;;;;;;;;;;;;;;
;38;H5;H;5;2;200.03;ESTANDAR;S/ 34,004.35;S/ 5,000.00;S/ 29,004.35;S/ 2,000.00;;;;;;;;;;;;;;;;
;39;H6;H;6;2;202.44;ESQUINA;S/ 40,427.00;S/ 5,000.00;S/ 35,427.00;S/ 2,000.00;;;;;;;;;;;;;;;;
;40;H7;H;7;2;295.75;ESTANDAR;S/ 47,883.75;S/ 5,000.00;S/ 42,883.75;S/ 2,000.00;;;;;;;;;;;;;;;;
;41;H11;H;11;2;200.03;FRENTE CLUB HOUSE;S/ 45,006.00;S/ 5,000.00;S/ 40,006.00;S/ 2,000.00;;;;;;;;;;;;;;;;
;42;H12;H;12;2;200.03;FRENTE CLUB HOUSE;S/ 45,006.00;S/ 5,000.00;S/ 40,006.00;S/ 2,000.00;;;;;;;;;;;;;;;;
;43;H13;H;13;2;200.03;FRENTE CLUB HOUSE;S/ 45,006.00;S/ 5,000.00;S/ 40,006.00;S/ 2,000.00;;;;;;;;;;;;;;;;
;44;H14;H;14;2;200.03;FRENTE CLUB HOUSE;S/ 45,006.00;S/ 5,000.00;S/ 40,006.00;S/ 2,000.00;;;;;;;;;;;;;;;;
;45;H16;H;16;2;295.75;ESQUINA FRENTE CLUB HOUSE;S/ 56,756.25;S/ 5,000.00;S/ 51,756.25;S/ 2,000.00;;;;;;;;;;;;;;;;
;46;H17;H;17;2;295.75;ESTANDAR;S/ 47,883.75;S/ 5,000.00;S/ 42,883.75;S/ 2,000.00;;;;;;;;;;;;;;;;
;47;I2;I;2;2;200;ESTANDAR;S/ 34,000.00;S/ 5,000.00;S/ 29,000.00;S/ 2,000.00;;;;;;;;;;;;;;;;
;48;I3;I;3;2;200;ESTANDAR;S/ 34,000.00;S/ 5,000.00;S/ 29,000.00;S/ 2,000.00;;;;;;;;;;;;;;;;
;49;I4;I;4;2;200;ESTANDAR;S/ 34,000.00;S/ 5,000.00;S/ 29,000.00;S/ 2,000.00;;;;;;;;;;;;;;;;
;50;I5;I;5;2;200;ESTANDAR;S/ 34,000.00;S/ 5,000.00;S/ 29,000.00;S/ 2,000.00;;;;;;;;;;;;;;;;
;51;I6;I;6;2;200;ESTANDAR;S/ 34,000.00;S/ 5,000.00;S/ 29,000.00;S/ 2,000.00;;;;;;;;;;;;;;;;
;52;I7;I;7;2;200;FRENTE CLUB HOUSE;S/ 45,000.00;S/ 5,000.00;S/ 40,000.00;S/ 2,000.00;;;;;;;;;;;;;;;;
;53;I8;I;8;2;200;FRENTE CLUB HOUSE;S/ 45,000.00;S/ 5,000.00;S/ 40,000.00;S/ 2,000.00;;;;;;;;;;;;;;;;
;54;I9;I;9;2;200;FRENTE CLUB HOUSE;S/ 45,000.00;S/ 5,000.00;S/ 40,000.00;S/ 2,000.00;;;;;;;;;;;;;;;;
;55;I10;I;10;2;200;FRENTE CLUB HOUSE;S/ 45,000.00;S/ 5,000.00;S/ 40,000.00;S/ 2,000.00;;;;;;;;;;;;;;;;
;56;I11;I;11;2;200;FRENTE CLUB HOUSE;S/ 45,000.00;S/ 5,000.00;S/ 40,000.00;S/ 2,000.00;;;;;;;;;;;;;;;;
;57;I12;I;12;2;200;FRENTE CLUB HOUSE;S/ 45,000.00;S/ 5,000.00;S/ 40,000.00;S/ 2,000.00;;;;;;;;;;;;;;;;
;58;I13;I;13;2;200;FRENTE CLUB HOUSE;S/ 45,000.00;S/ 5,000.00;S/ 40,000.00;S/ 2,000.00;;;;;;;;;;;;;;;;
;59;I14;I;14;2;200;FRENTE CLUB HOUSE;S/ 45,000.00;S/ 5,000.00;S/ 40,000.00;S/ 2,000.00;;;;;;;;;;;;;;;;
;60;I15;I;15;2;200;FRENTE CLUB HOUSE;S/ 45,000.00;S/ 5,000.00;S/ 40,000.00;S/ 2,000.00;;;;;;;;;;;;;;;;
;61;I16;I;16;2;200;ESTANDAR;S/ 34,000.00;S/ 5,000.00;S/ 29,000.00;S/ 2,000.00;;;;;;;;;;;;;;;;
;62;I17;I;17;2;200;ESTANDAR;S/ 34,000.00;S/ 5,000.00;S/ 29,000.00;S/ 2,000.00;;;;;;;;;;;;;;;;
;63;J3;J;3;2;200;FRENTE PARQUE;S/ 36,000.00;S/ 5,000.00;S/ 31,000.00;S/ 2,000.00;;;;;;;;;;;;;;;;
;64;J4;J;4;2;200;FRENTE PARQUE;S/ 36,000.00;S/ 5,000.00;S/ 31,000.00;S/ 2,000.00;;;;;;;;;;;;;;;;
;65;J5;J;5;2;200;FRENTE PARQUE;S/ 36,000.00;S/ 5,000.00;S/ 31,000.00;S/ 2,000.00;;;;;;;;;;;;;;;;
;66;J6;J;6;2;200;FRENTE PARQUE;S/ 36,000.00;S/ 5,000.00;S/ 31,000.00;S/ 2,000.00;;;;;;;;;;;;;;;;
;67;J7;J;7;2;200;FRENTE PARQUE;S/ 36,000.00;S/ 5,000.00;S/ 31,000.00;S/ 2,000.00;;;;;;;;;;;;;;;;
;68;J8;J;8;2;200;FRENTE PARQUE;S/ 36,000.00;S/ 5,000.00;S/ 31,000.00;S/ 2,000.00;;;;;;;;;;;;;;;;
;69;J10;J;10;2;200;ESTANDAR;S/ 34,000.00;S/ 5,000.00;S/ 29,000.00;S/ 2,000.00;;;;;;;;;;;;;;;;
;70;J11;J;11;2;200;ESTANDAR;S/ 34,000.00;S/ 5,000.00;S/ 29,000.00;S/ 2,000.00;;;;;;;;;;;;;;;;
;71;J12;J;12;2;200;ESTANDAR;S/ 34,000.00;S/ 5,000.00;S/ 29,000.00;S/ 2,000.00;;;;;;;;;;;;;;;;
;72;J13;J;13;2;200;ESTANDAR;S/ 34,000.00;S/ 5,000.00;S/ 29,000.00;S/ 2,000.00;;;;;;;;;;;;;;;;
;73;J14;J;14;2;200;ESTANDAR;S/ 34,000.00;S/ 5,000.00;S/ 29,000.00;S/ 2,000.00;;;;;;;;;;;;;;;;
;74;J15;J;15;2;200;ESTANDAR;S/ 34,000.00;S/ 5,000.00;S/ 29,000.00;S/ 2,000.00;;;;;;;;;;;;;;;;
;75;J16;J;16;2;200;ESTANDAR;S/ 34,000.00;S/ 5,000.00;S/ 29,000.00;S/ 2,000.00;;;;;;;;;;;;;;;;
;76;J17;J;17;2;200;ESTANDAR;S/ 34,000.00;S/ 5,000.00;S/ 29,000.00;S/ 2,000.00;;;;;;;;;;;;;;;;
;77;J18;J;18;2;200;ESQUINA;S/ 40,000.00;S/ 5,000.00;S/ 35,000.00;S/ 2,000.00;;;;;;;;;;;;;;;;
;78;K2;K;2;2;200.03;FRENTE PARQUE;S/ 36,004.65;S/ 5,000.00;S/ 31,004.65;S/ 2,000.00;;;;;;;;;;;;;;;;
;79;K3;K;3;2;200.03;FRENTE PARQUE;S/ 36,004.65;S/ 5,000.00;S/ 31,004.65;S/ 2,000.00;;;;;;;;;;;;;;;;
;80;K4;K;4;2;200.03;FRENTE PARQUE;S/ 36,004.65;S/ 5,000.00;S/ 31,004.65;S/ 2,000.00;;;;;;;;;;;;;;;;
;81;K5;K;5;2;200.03;FRENTE PARQUE;S/ 36,004.65;S/ 5,000.00;S/ 31,004.65;S/ 2,000.00;;;;;;;;;;;;;;;;
;82;K6;K;6;2;202.44;ESQ. FRENTE A PARQUE;S/ 42,451.40;S/ 5,000.00;S/ 37,451.40;S/ 2,000.00;;;;;;;;;;;;;;;;
;83;K7;K;7;2;200;ESTANDAR;S/ 34,000.00;S/ 5,000.00;S/ 29,000.00;S/ 2,000.00;;;;;;;;;;;;;;;;
;84;K8;K;8;2;200;ESTANDAR;S/ 34,000.00;S/ 5,000.00;S/ 29,000.00;S/ 2,000.00;;;;;;;;;;;;;;;;
;85;K9;K;9;2;200;ESTANDAR;S/ 34,000.00;S/ 5,000.00;S/ 29,000.00;S/ 2,000.00;;;;;;;;;;;;;;;;
;86;K10;K;10;2;200;ESTANDAR;S/ 34,000.00;S/ 5,000.00;S/ 29,000.00;S/ 2,000.00;;;;;;;;;;;;;;;;
;87;K11;K;11;2;200;ESQUINA;S/ 40,000.00;S/ 5,000.00;S/ 35,000.00;S/ 2,000.00;;;;;;;;;;;;;;;;
;88;K12;K;12;2;200;ESQUINA;S/ 40,000.00;S/ 5,000.00;S/ 35,000.00;S/ 2,000.00;;;;;;;;;;;;;;;;
;89;K13;K;13;2;200;ESTANDAR;S/ 34,000.00;S/ 5,000.00;S/ 29,000.00;S/ 2,000.00;;;;;;;;;;;;;;;;
;90;K14;K;14;2;200;ESTANDAR;S/ 34,000.00;S/ 5,000.00;S/ 29,000.00;S/ 2,000.00;;;;;;;;;;;;;;;;
;91;K15;K;15;2;200;ESTANDAR;S/ 34,000.00;S/ 5,000.00;S/ 29,000.00;S/ 2,000.00;;;;;;;;;;;;;;;;
;92;K16;K;16;2;200;ESTANDAR;S/ 34,000.00;S/ 5,000.00;S/ 29,000.00;S/ 2,000.00;;;;;;;;;;;;;;;;
;93;L3;L;3;2;200;FRENTE PARQUE;S/ 36,000.00;S/ 5,000.00;S/ 31,000.00;S/ 2,000.00;;;;;;;;;;;;;;;;
;94;L4;L;4;2;200;FRENTE PARQUE;S/ 36,000.00;S/ 5,000.00;S/ 31,000.00;S/ 2,000.00;;;;;;;;;;;;;;;;
;95;L5;L;5;2;200;FRENTE PARQUE;S/ 36,000.00;S/ 5,000.00;S/ 31,000.00;S/ 2,000.00;;;;;;;;;;;;;;;;
;96;L6;L;6;2;200;FRENTE PARQUE;S/ 36,000.00;S/ 5,000.00;S/ 31,000.00;S/ 2,000.00;;;;;;;;;;;;;;;;
;97;L7;L;7;2;200;FRENTE PARQUE;S/ 36,000.00;S/ 5,000.00;S/ 31,000.00;S/ 2,000.00;;;;;;;;;;;;;;;;
;98;L8;L;8;2;200;FRENTE PARQUE;S/ 36,000.00;S/ 5,000.00;S/ 31,000.00;S/ 2,000.00;;;;;;;;;;;;;;;;
;99;L9;L;9;2;200;FRENTE PARQUE;S/ 36,000.00;S/ 5,000.00;S/ 31,000.00;S/ 2,000.00;;;;;;;;;;;;;;;;
;100;L10;L;10;2;200;ESTANDAR;S/ 34,000.00;S/ 5,000.00;S/ 29,000.00;S/ 2,000.00;;;;;;;;;;;;;;;;
;101;L11;L;11;2;200;ESTANDAR;S/ 34,000.00;S/ 5,000.00;S/ 29,000.00;S/ 2,000.00;;;;;;;;;;;;;;;;
;102;L12;L;12;2;200;ESTANDAR;S/ 34,000.00;S/ 5,000.00;S/ 29,000.00;S/ 2,000.00;;;;;;;;;;;;;;;;
;103;L13;L;13;2;200;ESTANDAR;S/ 34,000.00;S/ 5,000.00;S/ 29,000.00;S/ 2,000.00;;;;;;;;;;;;;;;;
;104;L14;L;14;2;200;ESTANDAR;S/ 34,000.00;S/ 5,000.00;S/ 29,000.00;S/ 2,000.00;;;;;;;;;;;;;;;;
;105;L15;L;15;2;200;ESTANDAR;S/ 34,000.00;S/ 5,000.00;S/ 29,000.00;S/ 2,000.00;;;;;;;;;;;;;;;;
;106;L16;L;16;2;200;ESTANDAR;S/ 34,000.00;S/ 5,000.00;S/ 29,000.00;S/ 2,000.00;;;;;;;;;;;;;;;;
;107;L17;L;17;2;200;ESTANDAR;S/ 34,000.00;S/ 5,000.00;S/ 29,000.00;S/ 2,000.00;;;;;;;;;;;;;;;;
;108;L18;L;18;2;200;ESQUINA;S/ 40,000.00;S/ 5,000.00;S/ 35,000.00;S/ 2,000.00;;;;;;;;;;;;;;;;
;109;M1;M;1;3;202.50;ESQUINA;S/ 34,362.50;S/ 5,000.00;S/ 29,362.50;S/ 2,000.00;;;;;;;;;;;;;;;;
;110;M2;M;2;3;200;ESTANDAR;S/ 30,000.00;S/ 5,000.00;S/ 25,000.00;S/ 2,000.00;;;;;;;;;;;;;;;;
;111;M3;M;3;3;200;ESTANDAR;S/ 30,000.00;S/ 5,000.00;S/ 25,000.00;S/ 2,000.00;;;;;;;;;;;;;;;;
;112;M4;M;4;3;200;ESTANDAR;S/ 30,000.00;S/ 5,000.00;S/ 25,000.00;S/ 2,000.00;;;;;;;;;;;;;;;;
;113;M5;M;5;3;200;ESTANDAR;S/ 30,000.00;S/ 5,000.00;S/ 25,000.00;S/ 2,000.00;;;;;;;;;;;;;;;;
;114;M6;M;6;3;200;ESTANDAR;S/ 30,000.00;S/ 5,000.00;S/ 25,000.00;S/ 2,000.00;;;;;;;;;;;;;;;;
;115;M7;M;7;3;200;ESTANDAR;S/ 30,000.00;S/ 5,000.00;S/ 25,000.00;S/ 2,000.00;;;;;;;;;;;;;;;;
;116;M8;M;8;3;200;ESTANDAR;S/ 30,000.00;S/ 5,000.00;S/ 25,000.00;S/ 2,000.00;;;;;;;;;;;;;;;;
;117;M9;M;9;3;200;ESTANDAR;S/ 30,000.00;S/ 5,000.00;S/ 25,000.00;S/ 2,000.00;;;;;;;;;;;;;;;;
;118;M10;M;10;3;200;ESTANDAR;S/ 30,000.00;S/ 5,000.00;S/ 25,000.00;S/ 2,000.00;;;;;;;;;;;;;;;;
;119;M11;M;11;3;200;ESTANDAR;S/ 30,000.00;S/ 5,000.00;S/ 25,000.00;S/ 2,000.00;;;;;;;;;;;;;;;;
;120;M12;M;12;3;200;ESTANDAR;S/ 30,000.00;S/ 5,000.00;S/ 25,000.00;S/ 2,000.00;;;;;;;;;;;;;;;;
;121;M13;M;13;3;200;ESTANDAR;S/ 30,000.00;S/ 5,000.00;S/ 25,000.00;S/ 2,000.00;;;;;;;;;;;;;;;;
;122;M14;M;14;3;200;ESTANDAR;S/ 30,000.00;S/ 5,000.00;S/ 25,000.00;S/ 2,000.00;;;;;;;;;;;;;;;;
;123;M15;M;15;3;200;ESTANDAR;S/ 30,000.00;S/ 5,000.00;S/ 25,000.00;S/ 2,000.00;;;;;;;;;;;;;;;;
;124;M16;M;16;3;200;ESTANDAR;S/ 30,000.00;S/ 5,000.00;S/ 25,000.00;S/ 2,000.00;;;;;;;;;;;;;;;;
;125;M17;M;17;3;200;ESTANDAR;S/ 30,000.00;S/ 5,000.00;S/ 25,000.00;S/ 2,000.00;;;;;;;;;;;;;;;;
;126;M18;M;18;3;200;ESQUINA;S/ 34,000.00;S/ 5,000.00;S/ 29,000.00;S/ 2,000.00;;;;;;;;;;;;;;;;
;127;N1;N;1;3;200;ESQUINA;S/ 34,000.00;S/ 5,000.00;S/ 29,000.00;S/ 2,000.00;;;;;;;;;;;;;;;;
;128;N2;N;2;3;200;ESTANDAR;S/ 30,000.00;S/ 5,000.00;S/ 25,000.00;S/ 2,000.00;;;;;;;;;;;;;;;;
;129;N3;N;3;3;200;ESTANDAR;S/ 30,000.00;S/ 5,000.00;S/ 25,000.00;S/ 2,000.00;;;;;;;;;;;;;;;;
;130;N4;N;4;3;200;ESTANDAR;S/ 30,000.00;S/ 5,000.00;S/ 25,000.00;S/ 2,000.00;;;;;;;;;;;;;;;;
;131;N5;N;5;3;200;ESTANDAR;S/ 30,000.00;S/ 5,000.00;S/ 25,000.00;S/ 2,000.00;;;;;;;;;;;;;;;;
;132;N6;N;6;3;200;ESTANDAR;S/ 30,000.00;S/ 5,000.00;S/ 25,000.00;S/ 2,000.00;;;;;;;;;;;;;;;;
;133;N7;N;7;3;200;ESTANDAR;S/ 30,000.00;S/ 5,000.00;S/ 25,000.00;S/ 2,000.00;;;;;;;;;;;;;;;;
;134;N8;N;8;3;200;ESTANDAR;S/ 30,000.00;S/ 5,000.00;S/ 25,000.00;S/ 2,000.00;;;;;;;;;;;;;;;;
;135;N9;N;9;3;200;ESTANDAR;S/ 30,000.00;S/ 5,000.00;S/ 25,000.00;S/ 2,000.00;;;;;;;;;;;;;;;;
;136;N10;N;10;3;200;ESTANDAR;S/ 30,000.00;S/ 5,000.00;S/ 25,000.00;S/ 2,000.00;;;;;;;;;;;;;;;;
;137;N11;N;11;3;200;ESTANDAR;S/ 30,000.00;S/ 5,000.00;S/ 25,000.00;S/ 2,000.00;;;;;;;;;;;;;;;;
;138;N12;N;12;3;200;ESTANDAR;S/ 30,000.00;S/ 5,000.00;S/ 25,000.00;S/ 2,000.00;;;;;;;;;;;;;;;;
;139;N13;N;13;3;200;ESTANDAR;S/ 30,000.00;S/ 5,000.00;S/ 25,000.00;S/ 2,000.00;;;;;;;;;;;;;;;;
;140;N14;N;14;3;200;ESTANDAR;S/ 30,000.00;S/ 5,000.00;S/ 25,000.00;S/ 2,000.00;;;;;;;;;;;;;;;;
;141;N15;N;15;3;200;ESTANDAR;S/ 30,000.00;S/ 5,000.00;S/ 25,000.00;S/ 2,000.00;;;;;;;;;;;;;;;;
;142;N16;N;16;3;202.44;ESQ. FRENTE A PARQUE;S/ 37,390.40;S/ 5,000.00;S/ 32,390.40;S/ 2,000.00;;;;;;;;;;;;;;;;
;143;N17;N;17;3;200.03;FRENTE PARQUE;S/ 32,004.05;S/ 5,000.00;S/ 27,004.05;S/ 2,000.00;;;;;;;;;;;;;;;;
;144;N18;N;18;3;200.03;FRENTE PARQUE;S/ 32,004.05;S/ 5,000.00;S/ 27,004.05;S/ 2,000.00;;;;;;;;;;;;;;;;
;145;N19;N;19;3;200.03;FRENTE PARQUE;S/ 32,004.05;S/ 5,000.00;S/ 27,004.05;S/ 2,000.00;;;;;;;;;;;;;;;;
;146;N20;N;20;3;200.03;FRENTE PARQUE;S/ 32,004.05;S/ 5,000.00;S/ 27,004.05;S/ 2,000.00;;;;;;;;;;;;;;;;
;147;N21;N;21;3;202.44;ESQ. FRENTE A PARQUE;S/ 37,390.40;S/ 5,000.00;S/ 32,390.40;S/ 2,000.00;;;;;;;;;;;;;;;;
;148;N22;N;22;3;200;ESTANDAR;S/ 30,000.00;S/ 5,000.00;S/ 25,000.00;S/ 2,000.00;;;;;;;;;;;;;;;;
;149;N23;N;23;3;200;ESTANDAR;S/ 30,000.00;S/ 5,000.00;S/ 25,000.00;S/ 2,000.00;;;;;;;;;;;;;;;;
;150;N24;N;24;3;200;ESTANDAR;S/ 30,000.00;S/ 5,000.00;S/ 25,000.00;S/ 2,000.00;;;;;;;;;;;;;;;;
;151;N25;N;25;3;200;ESTANDAR;S/ 30,000.00;S/ 5,000.00;S/ 25,000.00;S/ 2,000.00;;;;;;;;;;;;;;;;
;152;N26;N;26;3;200;ESTANDAR;S/ 30,000.00;S/ 5,000.00;S/ 25,000.00;S/ 2,000.00;;;;;;;;;;;;;;;;
;153;N27;N;27;3;200;ESTANDAR;S/ 30,000.00;S/ 5,000.00;S/ 25,000.00;S/ 2,000.00;;;;;;;;;;;;;;;;
;154;N28;N;28;3;200;ESTANDAR;S/ 30,000.00;S/ 5,000.00;S/ 25,000.00;S/ 2,000.00;;;;;;;;;;;;;;;;
;155;N29;N;29;3;200;ESTANDAR;S/ 30,000.00;S/ 5,000.00;S/ 25,000.00;S/ 2,000.00;;;;;;;;;;;;;;;;
;156;N30;N;30;3;200;ESTANDAR;S/ 30,000.00;S/ 5,000.00;S/ 25,000.00;S/ 2,000.00;;;;;;;;;;;;;;;;
;157;N31;N;31;3;200;ESTANDAR;S/ 30,000.00;S/ 5,000.00;S/ 25,000.00;S/ 2,000.00;;;;;;;;;;;;;;;;
;158;N32;N;32;3;200;ESTANDAR;S/ 30,000.00;S/ 5,000.00;S/ 25,000.00;S/ 2,000.00;;;;;;;;;;;;;;;;
;159;N33;N;33;3;200;ESTANDAR;S/ 30,000.00;S/ 5,000.00;S/ 25,000.00;S/ 2,000.00;;;;;;;;;;;;;;;;
;160;N34;N;34;3;200;ESTANDAR;S/ 30,000.00;S/ 5,000.00;S/ 25,000.00;S/ 2,000.00;;;;;;;;;;;;;;;;
;161;N35;N;35;3;200;ESTANDAR;S/ 30,000.00;S/ 5,000.00;S/ 25,000.00;S/ 2,000.00;;;;;;;;;;;;;;;;
;162;N36;N;36;3;200;ESQUINA;S/ 34,000.00;S/ 5,000.00;S/ 29,000.00;S/ 2,000.00;;;;;;;;;;;;;;;;
;163;Ñ1;Ñ;1;3;202.50;ESQUINA;S/ 34,362.50;S/ 5,000.00;S/ 29,362.50;S/ 2,000.00;;;;;;;;;;;;;;;;
;164;Ñ2;Ñ;2;3;200;ESTANDAR;S/ 30,000.00;S/ 5,000.00;S/ 25,000.00;S/ 2,000.00;;;;;;;;;;;;;;;;
;165;Ñ3;Ñ;3;3;200;ESTANDAR;S/ 30,000.00;S/ 5,000.00;S/ 25,000.00;S/ 2,000.00;;;;;;;;;;;;;;;;
;166;Ñ4;Ñ;4;3;200;ESTANDAR;S/ 30,000.00;S/ 5,000.00;S/ 25,000.00;S/ 2,000.00;;;;;;;;;;;;;;;;
;167;Ñ5;Ñ;5;3;200;ESTANDAR;S/ 30,000.00;S/ 5,000.00;S/ 25,000.00;S/ 2,000.00;;;;;;;;;;;;;;;;
;168;Ñ6;Ñ;6;3;200;ESTANDAR;S/ 30,000.00;S/ 5,000.00;S/ 25,000.00;S/ 2,000.00;;;;;;;;;;;;;;;;
;169;Ñ7;Ñ;7;3;200;ESTANDAR;S/ 30,000.00;S/ 5,000.00;S/ 25,000.00;S/ 2,000.00;;;;;;;;;;;;;;;;
;170;Ñ8;Ñ;8;3;200;ESTANDAR;S/ 30,000.00;S/ 5,000.00;S/ 25,000.00;S/ 2,000.00;;;;;;;;;;;;;;;;
;171;Ñ9;Ñ;9;3;200;ESTANDAR;S/ 30,000.00;S/ 5,000.00;S/ 25,000.00;S/ 2,000.00;;;;;;;;;;;;;;;;
;172;Ñ10;Ñ;10;3;200;ESTANDAR;S/ 30,000.00;S/ 5,000.00;S/ 25,000.00;S/ 2,000.00;;;;;;;;;;;;;;;;
;173;Ñ11;Ñ;11;3;200;ESTANDAR;S/ 30,000.00;S/ 5,000.00;S/ 25,000.00;S/ 2,000.00;;;;;;;;;;;;;;;;
;174;Ñ12;Ñ;12;3;200;ESTANDAR;S/ 30,000.00;S/ 5,000.00;S/ 25,000.00;S/ 2,000.00;;;;;;;;;;;;;;;;
;175;Ñ13;Ñ;13;3;200;ESTANDAR;S/ 30,000.00;S/ 5,000.00;S/ 25,000.00;S/ 2,000.00;;;;;;;;;;;;;;;;
;176;Ñ14;Ñ;14;3;200;ESTANDAR;S/ 30,000.00;S/ 5,000.00;S/ 25,000.00;S/ 2,000.00;;;;;;;;;;;;;;;;
;177;Ñ15;Ñ;15;3;200;ESTANDAR;S/ 30,000.00;S/ 5,000.00;S/ 25,000.00;S/ 2,000.00;;;;;;;;;;;;;;;;
;178;Ñ16;Ñ;16;3;200;ESTANDAR;S/ 30,000.00;S/ 5,000.00;S/ 25,000.00;S/ 2,000.00;;;;;;;;;;;;;;;;
;179;Ñ17;Ñ;17;3;200;ESTANDAR;S/ 30,000.00;S/ 5,000.00;S/ 25,000.00;S/ 2,000.00;;;;;;;;;;;;;;;;
;180;Ñ18;Ñ;18;3;200;ESQUINA;S/ 34,000.00;S/ 5,000.00;S/ 29,000.00;S/ 2,000.00;;;;;;;;;;;;;;;;
;181;O1;O;1;3;200;ESQ. FRENTE A PARQUE;S/ 37,000.00;S/ 5,000.00;S/ 32,000.00;S/ 2,000.00;;;;;;;;;;;;;;;;
;182;O2;O;2;3;200;FRENTE PARQUE;S/ 32,000.00;S/ 5,000.00;S/ 27,000.00;S/ 2,000.00;;;;;;;;;;;;;;;;
;183;O3;O;3;3;200;FRENTE PARQUE;S/ 32,000.00;S/ 5,000.00;S/ 27,000.00;S/ 2,000.00;;;;;;;;;;;;;;;;
;184;O4;O;4;3;200;FRENTE PARQUE;S/ 32,000.00;S/ 5,000.00;S/ 27,000.00;S/ 2,000.00;;;;;;;;;;;;;;;;
;185;O5;O;5;3;200;FRENTE PARQUE;S/ 32,000.00;S/ 5,000.00;S/ 27,000.00;S/ 2,000.00;;;;;;;;;;;;;;;;
;186;O6;O;6;3;200;FRENTE PARQUE;S/ 32,000.00;S/ 5,000.00;S/ 27,000.00;S/ 2,000.00;;;;;;;;;;;;;;;;
;187;O7;O;7;3;200;FRENTE PARQUE;S/ 32,000.00;S/ 5,000.00;S/ 27,000.00;S/ 2,000.00;;;;;;;;;;;;;;;;
;188;O8;O;8;3;200;FRENTE PARQUE;S/ 32,000.00;S/ 5,000.00;S/ 27,000.00;S/ 2,000.00;;;;;;;;;;;;;;;;
;189;O9;O;9;3;200;ESTANDAR;S/ 30,000.00;S/ 5,000.00;S/ 25,000.00;S/ 2,000.00;;;;;;;;;;;;;;;;
;190;O10;O;10;3;200;ESTANDAR;S/ 30,000.00;S/ 5,000.00;S/ 25,000.00;S/ 2,000.00;;;;;;;;;;;;;;;;
;191;O11;O;11;3;200;ESTANDAR;S/ 30,000.00;S/ 5,000.00;S/ 25,000.00;S/ 2,000.00;;;;;;;;;;;;;;;;
;192;O12;O;12;3;200;ESTANDAR;S/ 30,000.00;S/ 5,000.00;S/ 25,000.00;S/ 2,000.00;;;;;;;;;;;;;;;;
;193;O13;O;13;3;200;ESTANDAR;S/ 30,000.00;S/ 5,000.00;S/ 25,000.00;S/ 2,000.00;;;;;;;;;;;;;;;;
;194;O14;O;14;3;200;ESTANDAR;S/ 30,000.00;S/ 5,000.00;S/ 25,000.00;S/ 2,000.00;;;;;;;;;;;;;;;;
;195;O15;O;15;3;200;ESTANDAR;S/ 30,000.00;S/ 5,000.00;S/ 25,000.00;S/ 2,000.00;;;;;;;;;;;;;;;;
;196;O16;O;16;3;200;FRENTE EDUCACION;S/ 32,000.00;S/ 5,000.00;S/ 27,000.00;S/ 2,000.00;;;;;;;;;;;;;;;;
;197;O17;O;17;3;200;FRENTE EDUCACION;S/ 32,000.00;S/ 5,000.00;S/ 27,000.00;S/ 2,000.00;;;;;;;;;;;;;;;;
;198;O18;O;18;3;200;FRENTE EDUCACION;S/ 32,000.00;S/ 5,000.00;S/ 27,000.00;S/ 2,000.00;;;;;;;;;;;;;;;;
;199;O19;O;19;3;222.94;ESQ. FRENTE EDUCACIÓN;S/ 40,670.40;S/ 5,000.00;S/ 35,670.40;S/ 2,000.00;;;;;;;;;;;;;;;;
;200;P1;P;1;3;202.44;ESQ. FRENTE A PARQUE;S/ 37,390.40;S/ 5,000.00;S/ 32,390.40;S/ 2,000.00;;;;;;;;;;;;;;;;
;201;P2;P;2;3;200.03;FRENTE PARQUE;S/ 32,004.05;S/ 5,000.00;S/ 27,004.05;S/ 2,000.00;;;;;;;;;;;;;;;;
;202;P3;P;3;3;200.03;FRENTE PARQUE;S/ 32,004.05;S/ 5,000.00;S/ 27,004.05;S/ 2,000.00;;;;;;;;;;;;;;;;
;203;P4;P;4;3;200.03;FRENTE PARQUE;S/ 32,004.05;S/ 5,000.00;S/ 27,004.05;S/ 2,000.00;;;;;;;;;;;;;;;;
;204;P5;P;5;3;200.03;FRENTE PARQUE;S/ 32,004.05;S/ 5,000.00;S/ 27,004.05;S/ 2,000.00;;;;;;;;;;;;;;;;
;205;P6;P;6;3;202.44;ESQ. FRENTE A PARQUE;S/ 37,390.40;S/ 5,000.00;S/ 32,390.40;S/ 2,000.00;;;;;;;;;;;;;;;;
;206;P7;P;7;3;219.25;ESTANDAR;S/ 32,406.25;S/ 5,000.00;S/ 27,406.25;S/ 2,000.00;;;;;;;;;;;;;;;;
;207;P8;P;8;3;219.25;ESTANDAR;S/ 32,406.25;S/ 5,000.00;S/ 27,406.25;S/ 2,000.00;;;;;;;;;;;;;;;;
;208;P9;P;9;3;219.25;ESQ.FRENTE EDUCACIÓN;S/ 40,080.00;S/ 5,000.00;S/ 35,080.00;S/ 2,000.00;;;;;;;;;;;;;;;;
;209;P11;P;11;3;219.25;ESQ.FRENTE EDUCACIÓN;S/ 40,080.00;S/ 5,000.00;S/ 35,080.00;S/ 2,000.00;;;;;;;;;;;;;;;;
;210;P12;P;12;3;219.25;ESTANDAR;S/ 32,406.25;S/ 5,000.00;S/ 27,406.25;S/ 2,000.00;;;;;;;;;;;;;;;;
;211;P13;P;13;3;219.25;ESTANDAR;S/ 32,406.25;S/ 5,000.00;S/ 27,406.25;S/ 2,000.00;;;;;;;;;;;;;;;;
;212;Q1;Q;1;3;200;ESQ. FRENTE A PARQUE;S/ 37,000.00;S/ 5,000.00;S/ 32,000.00;S/ 2,000.00;;;;;;;;;;;;;;;;
;213;Q2;Q;2;3;200;FRENTE PARQUE;S/ 32,000.00;S/ 5,000.00;S/ 27,000.00;S/ 2,000.00;;;;;;;;;;;;;;;;
;214;Q3;Q;3;3;200;FRENTE PARQUE;S/ 32,000.00;S/ 5,000.00;S/ 27,000.00;S/ 2,000.00;;;;;;;;;;;;;;;;
;215;Q4;Q;4;3;200;FRENTE PARQUE;S/ 32,000.00;S/ 5,000.00;S/ 27,000.00;S/ 2,000.00;;;;;;;;;;;;;;;;
;216;Q5;Q;5;3;200;FRENTE PARQUE;S/ 32,000.00;S/ 5,000.00;S/ 27,000.00;S/ 2,000.00;;;;;;;;;;;;;;;;
;217;Q6;Q;6;3;200;FRENTE PARQUE;S/ 32,000.00;S/ 5,000.00;S/ 27,000.00;S/ 2,000.00;;;;;;;;;;;;;;;;
;218;Q7;Q;7;3;200;FRENTE PARQUE;S/ 32,000.00;S/ 5,000.00;S/ 27,000.00;S/ 2,000.00;;;;;;;;;;;;;;;;
;219;Q8;Q;8;3;200;FRENTE PARQUE;S/ 32,000.00;S/ 5,000.00;S/ 27,000.00;S/ 2,000.00;;;;;;;;;;;;;;;;
;220;Q9;Q;9;3;200;ESTANDAR;S/ 30,000.00;S/ 5,000.00;S/ 25,000.00;S/ 2,000.00;;;;;;;;;;;;;;;;
;221;Q10;Q;10;3;200;ESTANDAR;S/ 30,000.00;S/ 5,000.00;S/ 25,000.00;S/ 2,000.00;;;;;;;;;;;;;;;;
;222;Q11;Q;11;3;200;ESTANDAR;S/ 30,000.00;S/ 5,000.00;S/ 25,000.00;S/ 2,000.00;;;;;;;;;;;;;;;;
;223;Q12;Q;12;3;200;ESTANDAR;S/ 30,000.00;S/ 5,000.00;S/ 25,000.00;S/ 2,000.00;;;;;;;;;;;;;;;;
;224;Q13;Q;13;3;200;ESTANDAR;S/ 30,000.00;S/ 5,000.00;S/ 25,000.00;S/ 2,000.00;;;;;;;;;;;;;;;;
;225;Q14;Q;14;3;200;ESTANDAR;S/ 30,000.00;S/ 5,000.00;S/ 25,000.00;S/ 2,000.00;;;;;;;;;;;;;;;;
;226;Q15;Q;15;3;200;ESTANDAR;S/ 30,000.00;S/ 5,000.00;S/ 25,000.00;S/ 2,000.00;;;;;;;;;;;;;;;;
;227;Q16;Q;16;3;200;FRENTE EDUCACION;S/ 32,000.00;S/ 5,000.00;S/ 27,000.00;S/ 2,000.00;;;;;;;;;;;;;;;;
;228;Q17;Q;17;3;200;FRENTE EDUCACION;S/ 32,000.00;S/ 5,000.00;S/ 27,000.00;S/ 2,000.00;;;;;;;;;;;;;;;;
;229;Q18;Q;18;3;200;FRENTE EDUCACION;S/ 32,000.00;S/ 5,000.00;S/ 27,000.00;S/ 2,000.00;;;;;;;;;;;;;;;;
;230;Q19;Q;19;3;200;FRENTE EDUCACION;S/ 32,000.00;S/ 5,000.00;S/ 27,000.00;S/ 2,000.00;;;;;;;;;;;;;;;;
;231;Q20;Q;20;3;200;FRENTE EDUCACION;S/ 32,000.00;S/ 5,000.00;S/ 27,000.00;S/ 2,000.00;;;;;;;;;;;;;;;;
;232;Q21;Q;21;3;200;FRENTE EDUCACION;S/ 32,000.00;S/ 5,000.00;S/ 27,000.00;S/ 2,000.00;;;;;;;;;;;;;;;;
;233;Q22;Q;22;3;200;FRENTE EDUCACION;S/ 32,000.00;S/ 5,000.00;S/ 27,000.00;S/ 2,000.00;;;;;;;;;;;;;;;;
;234;Q23;Q;23;3;215.77;ESQ. FRENTE A EDUCACIÓN;S/ 39,523.20;S/ 5,000.00;S/ 34,523.20;S/ 2,000.00;;;;;;;;;;;;;;;;
;235;Q24;Q;24;3;218.21;ESTANDAR;S/ 32,276.25;S/ 5,000.00;S/ 27,276.25;S/ 2,000.00;;;;;;;;;;;;;;;;
;236;R1;R;1;3;260.77;ESTANDAR;S/ 37,596.25;S/ 5,000.00;S/ 32,596.25;S/ 2,000.00;;;;;;;;;;;;;;;;
;237;R2;R;2;3;260.70;ESTANDAR;S/ 37,587.50;S/ 5,000.00;S/ 32,587.50;S/ 2,000.00;;;;;;;;;;;;;;;;
;238;R3;R;3;3;200;ESTANDAR;S/ 30,000.00;S/ 5,000.00;S/ 25,000.00;S/ 2,000.00;;;;;;;;;;;;;;;;
;239;R4;R;4;3;200;ESTANDAR;S/ 30,000.00;S/ 5,000.00;S/ 25,000.00;S/ 2,000.00;;;;;;;;;;;;;;;;
;240;R5;R;5;3;200;ESTANDAR;S/ 30,000.00;S/ 5,000.00;S/ 25,000.00;S/ 2,000.00;;;;;;;;;;;;;;;;
;241;R6;R;6;3;200;FRENTE EDUCACION;S/ 32,000.00;S/ 5,000.00;S/ 27,000.00;S/ 2,000.00;;;;;;;;;;;;;;;;
;242;R7;R;7;3;200;FRENTE EDUCACION;S/ 32,000.00;S/ 5,000.00;S/ 27,000.00;S/ 2,000.00;;;;;;;;;;;;;;;;
;243;R8;R;8;3;200;FRENTE EDUCACION;S/ 32,000.00;S/ 5,000.00;S/ 27,000.00;S/ 2,000.00;;;;;;;;;;;;;;;;
;244;R9;R;9;3;200;FRENTE EDUCACION;S/ 32,000.00;S/ 5,000.00;S/ 27,000.00;S/ 2,000.00;;;;;;;;;;;;;;;;
;245;R10;R;10;3;200;FRENTE EDUCACION;S/ 32,000.00;S/ 5,000.00;S/ 27,000.00;S/ 2,000.00;;;;;;;;;;;;;;;;
;246;R11;R;11;3;200;FRENTE EDUCACION;S/ 32,000.00;S/ 5,000.00;S/ 27,000.00;S/ 2,000.00;;;;;;;;;;;;;;;;
;247;R12;R;12;3;200;FRENTE EDUCACION;S/ 32,000.00;S/ 5,000.00;S/ 27,000.00;S/ 2,000.00;;;;;;;;;;;;;;;;
;248;R13;R;13;3;200;FRENTE EDUCACION;S/ 32,000.00;S/ 5,000.00;S/ 27,000.00;S/ 2,000.00;;;;;;;;;;;;;;;;
;249;R14;R;14;3;246.85;ESTANDAR;S/ 35,856.25;S/ 5,000.00;S/ 30,856.25;S/ 2,000.00;;;;;;;;;;;;;;;;
;250;R15;R;15;3;246.84;ESTANDAR;S/ 35,855.00;S/ 5,000.00;S/ 30,855.00;S/ 2,000.00;;;;;;;;;;;;;;;;
;;;;;;;;;;;;;;;;;;;;;;;;;;;
;;;;;;;;;;;;;;;;;;;;;;;;;;;
;;;;;;;;;;;;;;;;;;;;;;;;;;;
;;;;;;;;;;;;;;;;;;;;;;;;;;;
;;;;;;;;;;;;;;;;;;;;;;;;;;;
;;;;;;;;;;;;;;;;;;;;;;;;;;;
;;;;;;;;;;;;;;;;;;;;;;;;;;;
;;;;;;;;;;;;;;;;;;;;;;;;;;;
;;;;;;;;;;;;;;;;;;;;;;;;;;;
;;;;;;;;;;;;;;;;;;;;;;;;;;;
;;;;;;;;;;;;;;;;;;;;;;;;;;;
;;;;;;;;;;;;;;;;;;;;;;;;;;;
;;;;;;;;;;;;;;;;;;;;;;;;;;;
;;;;;;;;;;;;;;;;;;;;;;;;;;;
;;;;;;;;;;;;;;;;;;;;;;;;;;;
;;;;;;;;;;;;;;;;;;;;;;;;;;;
;;;;;;;;;;;;;;;;;;;;;;;;;;;
;;;;;;;;;;;;;;;;;;;;;;;;;;;
;;;;;;;;;;;;;;;;;;;;;;;;;;;
;;;;;;;;;;;;;;;;;;;;;;;;;;;
;;;;;;;;;;;;;;;;;;;;;;;;;;;
;;;;;;;;;;;;;;;;;;;;;;;;;;;
;;;;;;;;;;;;;;;;;;;;;;;;;;;
;;;;;;;;;;;;;;;;;;;;;;;;;;;
;;;;;;;;;;;;;;;;;;;;;;;;;;;
;;;;;;;;;;;;;;;;;;;;;;;;;;;
;;;;;;;;;;;;;;;;;;;;;;;;;;;
;;;;;;;;;;;;;;;;;;;;;;;;;;;
;;;;;;;;;;;;;;;;;;;;;;;;;;;
;;;;;;;;;;;;;;;;;;;;;;;;;;;
;;;;;;;;;;;;;;;;;;;;;;;;;;;
;;;;;;;;;;;;;;;;;;;;;;;;;;;
;;;;;;;;;;;;;;;;;;;;;;;;;;;
;;;;;;;;;;;;;;;;;;;;;;;;;;;
;;;;;;;;;;;;;;;;;;;;;;;;;;;
;;;;;;;;;;;;;;;;;;;;;;;;;;;
;;;;;;;;;;;;;;;;;;;;;;;;;;;
;;;;;;;;;;;;;;;;;;;;;;;;;;;
;;;;;;;;;;;;;;;;;;;;;;;;;;;
;;;;;;;;;;;;;;;;;;;;;;;;;;;
;;;;;;;;;;;;;;;;;;;;;;;;;;;
;;;;;;;;;;;;;;;;;;;;;;;;;;;
;;;;;;;;;;;;;;;;;;;;;;;;;;;
;;;;;;;;;;;;;;;;;;;;;;;;;;;
;;;;;;;;;;;;;;;;;;;;;;;;;;;
;;;;;;;;;;;;;;;;;;;;;;;;;;;
;;;;;;;;;;;;;;;;;;;;;;;;;;;
;;;;;;;;;;;;;;;;;;;;;;;;;;;
;;;;;;;;;;;;;;;;;;;;;;;;;;;
;;;;;;;;;;;;;;;;;;;;;;;;;;;
;;;;;;;;;;;;;;;;;;;;;;;;;;;
;;;;;;;;;;;;;;;;;;;;;;;;;;;
;;;;;;;;;;;;;;;;;;;;;;;;;;;
;;;;;;;;;;;;;;;;;;;;;;;;;;;
;;;;;;;;;;;;;;;;;;;;;;;;;;;
;;;;;;;;;;;;;;;;;;;;;;;;;;;
;;;;;;;;;;;;;;;;;;;;;;;;;;;
;;;;;;;;;;;;;;;;;;;;;;;;;;;
;;;;;;;;;;;;;;;;;;;;;;;;;;;
;;;;;;;;;;;;;;;;;;;;;;;;;;;
;;;;;;;;;;;;;;;;;;;;;;;;;;;
;;;;;;;;;;;;;;;;;;;;;;;;;;;
;;;;;;;;;;;;;;;;;;;;;;;;;;;
;;;;;;;;;;;;;;;;;;;;;;;;;;;
;;;;;;;;;;;;;;;;;;;;;;;;;;;
;;;;;;;;;;;;;;;;;;;;;;;;;;;
;;;;;;;;;;;;;;;;;;;;;;;;;;;
;;;;;;;;;;;;;;;;;;;;;;;;;;;
;;;;;;;;;;;;;;;;;;;;;;;;;;;
;;;;;;;;;;;;;;;;;;;;;;;;;;;
;;;;;;;;;;;;;;;;;;;;;;;;;;;
;;;;;;;;;;;;;;;;;;;;;;;;;;;
;;;;;;;;;;;;;;;;;;;;;;;;;;;
;;;;;;;;;;;;;;;;;;;;;;;;;;;
;;;;;;;;;;;;;;;;;;;;;;;;;;;
;;;;;;;;;;;;;;;;;;;;;;;;;;;
;;;;;;;;;;;;;;;;;;;;;;;;;;;
;;;;;;;;;;;;;;;;;;;;;;;;;;;
;;;;;;;;;;;;;;;;;;;;;;;;;;;
;;;;;;;;;;;;;;;;;;;;;;;;;;;
;;;;;;;;;;;;;;;;;;;;;;;;;;;
;;;;;;;;;;;;;;;;;;;;;;;;;;;
;;;;;;;;;;;;;;;;;;;;;;;;;;;
;;;;;;;;;;;;;;;;;;;;;;;;;;;
;;;;;;;;;;;;;;;;;;;;;;;;;;;
;;;;;;;;;;;;;;;;;;;;;;;;;;;
;;;;;;;;;;;;;;;;;;;;;;;;;;;
;;;;;;;;;;;;;;;;;;;;;;;;;;;
;;;;;;;;;;;;;;;;;;;;;;;;;;;
;;;;;;;;;;;;;;;;;;;;;;;;;;;
;;;;;;;;;;;;;;;;;;;;;;;;;;;
;;;;;;;;;;;;;;;;;;;;;;;;;;;
;;;;;;;;;;;;;;;;;;;;;;;;;;;
;;;;;;;;;;;;;;;;;;;;;;;;;;;
;;;;;;;;;;;;;;;;;;;;;;;;;;;
;;;;;;;;;;;;;;;;;;;;;;;;;;;
;;;;;;;;;;;;;;;;;;;;;;;;;;;
;;;;;;;;;;;;;;;;;;;;;;;;;;;
;;;;;;;;;;;;;;;;;;;;;;;;;;;
;;;;;;;;;;;;;;;;;;;;;;;;;;;
;;;;;;;;;;;;;;;;;;;;;;;;;;;
;;;;;;;;;;;;;;;;;;;;;;;;;;;
;;;;;;;;;;;;;;;;;;;;;;;;;;;
;;;;;;;;;;;;;;;;;;;;;;;;;;;
;;;;;;;;;;;;;;;;;;;;;;;;;;;
;;;;;;;;;;;;;;;;;;;;;;;;;;;
;;;;;;;;;;;;;;;;;;;;;;;;;;;
;;;;;;;;;;;;;;;;;;;;;;;;;;;
;;;;;;;;;;;;;;;;;;;;;;;;;;;
;;;;;;;;;;;;;;;;;;;;;;;;;;;
;;;;;;;;;;;;;;;;;;;;;;;;;;;
;;;;;;;;;;;;;;;;;;;;;;;;;;;
;;;;;;;;;;;;;;;;;;;;;;;;;;;
;;;;;;;;;;;;;;;;;;;;;;;;;;;
;;;;;;;;;;;;;;;;;;;;;;;;;;;
;;;;;;;;;;;;;;;;;;;;;;;;;;;
;;;;;;;;;;;;;;;;;;;;;;;;;;;
;;;;;;;;;;;;;;;;;;;;;;;;;;;
;;;;;;;;;;;;;;;;;;;;;;;;;;;
;;;;;;;;;;;;;;;;;;;;;;;;;;;
;;;;;;;;;;;;;;;;;;;;;;;;;;;
;;;;;;;;;;;;;;;;;;;;;;;;;;;
;;;;;;;;;;;;;;;;;;;;;;;;;;;
;;;;;;;;;;;;;;;;;;;;;;;;;;;
;;;;;;;;;;;;;;;;;;;;;;;;;;;
;;;;;;;;;;;;;;;;;;;;;;;;;;;
;;;;;;;;;;;;;;;;;;;;;;;;;;;
;;;;;;;;;;;;;;;;;;;;;;;;;;;
;;;;;;;;;;;;;;;;;;;;;;;;;;;
;;;;;;;;;;;;;;;;;;;;;;;;;;;
;;;;;;;;;;;;;;;;;;;;;;;;;;;
;;;;;;;;;;;;;;;;;;;;;;;;;;;
;;;;;;;;;;;;;;;;;;;;;;;;;;;
;;;;;;;;;;;;;;;;;;;;;;;;;;;
;;;;;;;;;;;;;;;;;;;;;;;;;;;
;;;;;;;;;;;;;;;;;;;;;;;;;;;
;;;;;;;;;;;;;;;;;;;;;;;;;;;
;;;;;;;;;;;;;;;;;;;;;;;;;;;
;;;;;;;;;;;;;;;;;;;;;;;;;;;
;;;;;;;;;;;;;;;;;;;;;;;;;;;
;;;;;;;;;;;;;;;;;;;;;;;;;;;
;;;;;;;;;;;;;;;;;;;;;;;;;;;
;;;;;;;;;;;;;;;;;;;;;;;;;;;
;;;;;;;;;;;;;;;;;;;;;;;;;;;
;;;;;;;;;;;;;;;;;;;;;;;;;;;
;;;;;;;;;;;;;;;;;;;;;;;;;;;
;;;;;;;;;;;;;;;;;;;;;;;;;;;
;;;;;;;;;;;;;;;;;;;;;;;;;;;
;;;;;;;;;;;;;;;;;;;;;;;;;;;
;;;;;;;;;;;;;;;;;;;;;;;;;;;
;;;;;;;;;;;;;;;;;;;;;;;;;;;
;;;;;;;;;;;;;;;;;;;;;;;;;;;
;;;;;;;;;;;;;;;;;;;;;;;;;;;
;;;;;;;;;;;;;;;;;;;;;;;;;;;
;;;;;;;;;;;;;;;;;;;;;;;;;;;
;;;;;;;;;;;;;;;;;;;;;;;;;;;
;;;;;;;;;;;;;;;;;;;;;;;;;;;
;;;;;;;;;;;;;;;;;;;;;;;;;;;
;;;;;;;;;;;;;;;;;;;;;;;;;;;
;;;;;;;;;;;;;;;;;;;;;;;;;;;
;;;;;;;;;;;;;;;;;;;;;;;;;;;
;;;;;;;;;;;;;;;;;;;;;;;;;;;
;;;;;;;;;;;;;;;;;;;;;;;;;;;
;;;;;;;;;;;;;;;;;;;;;;;;;;;
;;;;;;;;;;;;;;;;;;;;;;;;;;;
;;;;;;;;;;;;;;;;;;;;;;;;;;;
;;;;;;;;;;;;;;;;;;;;;;;;;;;
;;;;;;;;;;;;;;;;;;;;;;;;;;;
;;;;;;;;;;;;;;;;;;;;;;;;;;;
;;;;;;;;;;;;;;;;;;;;;;;;;;;
;;;;;;;;;;;;;;;;;;;;;;;;;;;
;;;;;;;;;;;;;;;;;;;;;;;;;;;
;;;;;;;;;;;;;;;;;;;;;;;;;;;
;;;;;;;;;;;;;;;;;;;;;;;;;;;
;;;;;;;;;;;;;;;;;;;;;;;;;;;
;;;;;;;;;;;;;;;;;;;;;;;;;;;
;;;;;;;;;;;;;;;;;;;;;;;;;;;
;;;;;;;;;;;;;;;;;;;;;;;;;;;
;;;;;;;;;;;;;;;;;;;;;;;;;;;
;;;;;;;;;;;;;;;;;;;;;;;;;;;
;;;;;;;;;;;;;;;;;;;;;;;;;;;
;;;;;;;;;;;;;;;;;;;;;;;;;;;
;;;;;;;;;;;;;;;;;;;;;;;;;;;
;;;;;;;;;;;;;;;;;;;;;;;;;;;
;;;;;;;;;;;;;;;;;;;;;;;;;;;
;;;;;;;;;;;;;;;;;;;;;;;;;;;
;;;;;;;;;;;;;;;;;;;;;;;;;;;
;;;;;;;;;;;;;;;;;;;;;;;;;;;
;;;;;;;;;;;;;;;;;;;;;;;;;;;
;;;;;;;;;;;;;;;;;;;;;;;;;;;
;;;;;;;;;;;;;;;;;;;;;;;;;;;
;;;;;;;;;;;;;;;;;;;;;;;;;;;
;;;;;;;;;;;;;;;;;;;;;;;;;;;
;;;;;;;;;;;;;;;;;;;;;;;;;;;
;;;;;;;;;;;;;;;;;;;;;;;;;;;
;;;;;;;;;;;;;;;;;;;;;;;;;;;
;;;;;;;;;;;;;;;;;;;;;;;;;;;
;;;;;;;;;;;;;;;;;;;;;;;;;;;
;;;;;;;;;;;;;;;;;;;;;;;;;;;
;;;;;;;;;;;;;;;;;;;;;;;;;;;
;;;;;;;;;;;;;;;;;;;;;;;;;;;
;;;;;;;;;;;;;;;;;;;;;;;;;;;
;;;;;;;;;;;;;;;;;;;;;;;;;;;
;;;;;;;;;;;;;;;;;;;;;;;;;;;
;;;;;;;;;;;;;;;;;;;;;;;;;;;
;;;;;;;;;;;;;;;;;;;;;;;;;;;
;;;;;;;;;;;;;;;;;;;;;;;;;;;
;;;;;;;;;;;;;;;;;;;;;;;;;;;
;;;;;;;;;;;;;;;;;;;;;;;;;;;
;;;;;;;;;;;;;;;;;;;;;;;;;;;
;;;;;;;;;;;;;;;;;;;;;;;;;;;
;;;;;;;;;;;;;;;;;;;;;;;;;;;
;;;;;;;;;;;;;;;;;;;;;;;;;;;
;;;;;;;;;;;;;;;;;;;;;;;;;;;
;;;;;;;;;;;;;;;;;;;;;;;;;;;
;;;;;;;;;;;;;;;;;;;;;;;;;;;
;;;;;;;;;;;;;;;;;;;;;;;;;;;
;;;;;;;;;;;;;;;;;;;;;;;;;;;
;;;;;;;;;;;;;;;;;;;;;;;;;;;
;;;;;;;;;;;;;;;;;;;;;;;;;;;
;;;;;;;;;;;;;;;;;;;;;;;;;;;
;;;;;;;;;;;;;;;;;;;;;;;;;;;
;;;;;;;;;;;;;;;;;;;;;;;;;;;
;;;;;;;;;;;;;;;;;;;;;;;;;;;
;;;;;;;;;;;;;;;;;;;;;;;;;;;
;;;;;;;;;;;;;;;;;;;;;;;;;;;
;;;;;;;;;;;;;;;;;;;;;;;;;;;
;;;;;;;;;;;;;;;;;;;;;;;;;;;
;;;;;;;;;;;;;;;;;;;;;;;;;;;
;;;;;;;;;;;;;;;;;;;;;;;;;;;
;;;;;;;;;;;;;;;;;;;;;;;;;;;
;;;;;;;;;;;;;;;;;;;;;;;;;;;
;;;;;;;;;;;;;;;;;;;;;;;;;;;
;;;;;;;;;;;;;;;;;;;;;;;;;;;
;;;;;;;;;;;;;;;;;;;;;;;;;;;
;;;;;;;;;;;;;;;;;;;;;;;;;;;
;;;;;;;;;;;;;;;;;;;;;;;;;;;
;;;;;;;;;;;;;;;;;;;;;;;;;;;
;;;;;;;;;;;;;;;;;;;;;;;;;;;
;;;;;;;;;;;;;;;;;;;;;;;;;;;
;;;;;;;;;;;;;;;;;;;;;;;;;;;
;;;;;;;;;;;;;;;;;;;;;;;;;;;
;;;;;;;;;;;;;;;;;;;;;;;;;;;
;;;;;;;;;;;;;;;;;;;;;;;;;;;
;;;;;;;;;;;;;;;;;;;;;;;;;;;
;;;;;;;;;;;;;;;;;;;;;;;;;;;
;;;;;;;;;;;;;;;;;;;;;;;;;;;
;;;;;;;;;;;;;;;;;;;;;;;;;;;
;;;;;;;;;;;;;;;;;;;;;;;;;;;
;;;;;;;;;;;;;;;;;;;;;;;;;;;
;;;;;;;;;;;;;;;;;;;;;;;;;;;
;;;;;;;;;;;;;;;;;;;;;;;;;;;
;;;;;;;;;;;;;;;;;;;;;;;;;;;
;;;;;;;;;;;;;;;;;;;;;;;;;;;
;;;;;;;;;;;;;;;;;;;;;;;;;;;
;;;;;;;;;;;;;;;;;;;;;;;;;;;
;;;;;;;;;;;;;;;;;;;;;;;;;;;
;;;;;;;;;;;;;;;;;;;;;;;;;;;
;;;;;;;;;;;;;;;;;;;;;;;;;;;
;;;;;;;;;;;;;;;;;;;;;;;;;;;
;;;;;;;;;;;;;;;;;;;;;;;;;;;
;;;;;;;;;;;;;;;;;;;;;;;;;;;
;;;;;;;;;;;;;;;;;;;;;;;;;;;
;;;;;;;;;;;;;;;;;;;;;;;;;;;
;;;;;;;;;;;;;;;;;;;;;;;;;;;
;;;;;;;;;;;;;;;;;;;;;;;;;;;
;;;;;;;;;;;;;;;;;;;;;;;;;;;
;;;;;;;;;;;;;;;;;;;;;;;;;;;
;;;;;;;;;;;;;;;;;;;;;;;;;;;
;;;;;;;;;;;;;;;;;;;;;;;;;;;
;;;;;;;;;;;;;;;;;;;;;;;;;;;
;;;;;;;;;;;;;;;;;;;;;;;;;;;
;;;;;;;;;;;;;;;;;;;;;;;;;;;
;;;;;;;;;;;;;;;;;;;;;;;;;;;
;;;;;;;;;;;;;;;;;;;;;;;;;;;
;;;;;;;;;;;;;;;;;;;;;;;;;;;
;;;;;;;;;;;;;;;;;;;;;;;;;;;
;;;;;;;;;;;;;;;;;;;;;;;;;;;
;;;;;;;;;;;;;;;;;;;;;;;;;;;
;;;;;;;;;;;;;;;;;;;;;;;;;;;
;;;;;;;;;;;;;;;;;;;;;;;;;;;
;;;;;;;;;;;;;;;;;;;;;;;;;;;
;;;;;;;;;;;;;;;;;;;;;;;;;;;
;;;;;;;;;;;;;;;;;;;;;;;;;;;
;;;;;;;;;;;;;;;;;;;;;;;;;;;
;;;;;;;;;;;;;;;;;;;;;;;;;;;
;;;;;;;;;;;;;;;;;;;;;;;;;;;
;;;;;;;;;;;;;;;;;;;;;;;;;;;
;;;;;;;;;;;;;;;;;;;;;;;;;;;
;;;;;;;;;;;;;;;;;;;;;;;;;;;
;;;;;;;;;;;;;;;;;;;;;;;;;;;
;;;;;;;;;;;;;;;;;;;;;;;;;;;
;;;;;;;;;;;;;;;;;;;;;;;;;;;
;;;;;;;;;;;;;;;;;;;;;;;;;;;
;;;;;;;;;;;;;;;;;;;;;;;;;;;
;;;;;;;;;;;;;;;;;;;;;;;;;;;
;;;;;;;;;;;;;;;;;;;;;;;;;;;
;;;;;;;;;;;;;;;;;;;;;;;;;;;
;;;;;;;;;;;;;;;;;;;;;;;;;;;
;;;;;;;;;;;;;;;;;;;;;;;;;;;
;;;;;;;;;;;;;;;;;;;;;;;;;;;
;;;;;;;;;;;;;;;;;;;;;;;;;;;
;;;;;;;;;;;;;;;;;;;;;;;;;;;
;;;;;;;;;;;;;;;;;;;;;;;;;;;
;;;;;;;;;;;;;;;;;;;;;;;;;;;
;;;;;;;;;;;;;;;;;;;;;;;;;;;
;;;;;;;;;;;;;;;;;;;;;;;;;;;
;;;;;;;;;;;;;;;;;;;;;;;;;;;
;;;;;;;;;;;;;;;;;;;;;;;;;;;
;;;;;;;;;;;;;;;;;;;;;;;;;;;
;;;;;;;;;;;;;;;;;;;;;;;;;;;
;;;;;;;;;;;;;;;;;;;;;;;;;;;
;;;;;;;;;;;;;;;;;;;;;;;;;;;
;;;;;;;;;;;;;;;;;;;;;;;;;;;
;;;;;;;;;;;;;;;;;;;;;;;;;;;
;;;;;;;;;;;;;;;;;;;;;;;;;;;
;;;;;;;;;;;;;;;;;;;;;;;;;;;
;;;;;;;;;;;;;;;;;;;;;;;;;;;
;;;;;;;;;;;;;;;;;;;;;;;;;;;
;;;;;;;;;;;;;;;;;;;;;;;;;;;
;;;;;;;;;;;;;;;;;;;;;;;;;;;
;;;;;;;;;;;;;;;;;;;;;;;;;;;
;;;;;;;;;;;;;;;;;;;;;;;;;;;
;;;;;;;;;;;;;;;;;;;;;;;;;;;
;;;;;;;;;;;;;;;;;;;;;;;;;;;
;;;;;;;;;;;;;;;;;;;;;;;;;;;
;;;;;;;;;;;;;;;;;;;;;;;;;;;
;;;;;;;;;;;;;;;;;;;;;;;;;;;
;;;;;;;;;;;;;;;;;;;;;;;;;;;
;;;;;;;;;;;;;;;;;;;;;;;;;;;
;;;;;;;;;;;;;;;;;;;;;;;;;;;
;;;;;;;;;;;;;;;;;;;;;;;;;;;
;;;;;;;;;;;;;;;;;;;;;;;;;;;
;;;;;;;;;;;;;;;;;;;;;;;;;;;
;;;;;;;;;;;;;;;;;;;;;;;;;;;
;;;;;;;;;;;;;;;;;;;;;;;;;;;
;;;;;;;;;;;;;;;;;;;;;;;;;;;
;;;;;;;;;;;;;;;;;;;;;;;;;;;
;;;;;;;;;;;;;;;;;;;;;;;;;;;
;;;;;;;;;;;;;;;;;;;;;;;;;;;
;;;;;;;;;;;;;;;;;;;;;;;;;;;
;;;;;;;;;;;;;;;;;;;;;;;;;;;
;;;;;;;;;;;;;;;;;;;;;;;;;;;
;;;;;;;;;;;;;;;;;;;;;;;;;;;
;;;;;;;;;;;;;;;;;;;;;;;;;;;
;;;;;;;;;;;;;;;;;;;;;;;;;;;
;;;;;;;;;;;;;;;;;;;;;;;;;;;
;;;;;;;;;;;;;;;;;;;;;;;;;;;
;;;;;;;;;;;;;;;;;;;;;;;;;;;
;;;;;;;;;;;;;;;;;;;;;;;;;;;
;;;;;;;;;;;;;;;;;;;;;;;;;;;
;;;;;;;;;;;;;;;;;;;;;;;;;;;
;;;;;;;;;;;;;;;;;;;;;;;;;;;
;;;;;;;;;;;;;;;;;;;;;;;;;;;
;;;;;;;;;;;;;;;;;;;;;;;;;;;
;;;;;;;;;;;;;;;;;;;;;;;;;;;
;;;;;;;;;;;;;;;;;;;;;;;;;;;
;;;;;;;;;;;;;;;;;;;;;;;;;;;
;;;;;;;;;;;;;;;;;;;;;;;;;;;
;;;;;;;;;;;;;;;;;;;;;;;;;;;
;;;;;;;;;;;;;;;;;;;;;;;;;;;
;;;;;;;;;;;;;;;;;;;;;;;;;;;
;;;;;;;;;;;;;;;;;;;;;;;;;;;
;;;;;;;;;;;;;;;;;;;;;;;;;;;
;;;;;;;;;;;;;;;;;;;;;;;;;;;
;;;;;;;;;;;;;;;;;;;;;;;;;;;
;;;;;;;;;;;;;;;;;;;;;;;;;;;
;;;;;;;;;;;;;;;;;;;;;;;;;;;
;;;;;;;;;;;;;;;;;;;;;;;;;;;
;;;;;;;;;;;;;;;;;;;;;;;;;;;
;;;;;;;;;;;;;;;;;;;;;;;;;;;
;;;;;;;;;;;;;;;;;;;;;;;;;;;
;;;;;;;;;;;;;;;;;;;;;;;;;;;
;;;;;;;;;;;;;;;;;;;;;;;;;;;
;;;;;;;;;;;;;;;;;;;;;;;;;;;
;;;;;;;;;;;;;;;;;;;;;;;;;;;
;;;;;;;;;;;;;;;;;;;;;;;;;;;
;;;;;;;;;;;;;;;;;;;;;;;;;;;
;;;;;;;;;;;;;;;;;;;;;;;;;;;
;;;;;;;;;;;;;;;;;;;;;;;;;;;
;;;;;;;;;;;;;;;;;;;;;;;;;;;
;;;;;;;;;;;;;;;;;;;;;;;;;;;
;;;;;;;;;;;;;;;;;;;;;;;;;;;
;;;;;;;;;;;;;;;;;;;;;;;;;;;
;;;;;;;;;;;;;;;;;;;;;;;;;;;
;;;;;;;;;;;;;;;;;;;;;;;;;;;
;;;;;;;;;;;;;;;;;;;;;;;;;;;
;;;;;;;;;;;;;;;;;;;;;;;;;;;
;;;;;;;;;;;;;;;;;;;;;;;;;;;
;;;;;;;;;;;;;;;;;;;;;;;;;;;
;;;;;;;;;;;;;;;;;;;;;;;;;;;
;;;;;;;;;;;;;;;;;;;;;;;;;;;
;;;;;;;;;;;;;;;;;;;;;;;;;;;
;;;;;;;;;;;;;;;;;;;;;;;;;;;
;;;;;;;;;;;;;;;;;;;;;;;;;;;
;;;;;;;;;;;;;;;;;;;;;;;;;;;
;;;;;;;;;;;;;;;;;;;;;;;;;;;
;;;;;;;;;;;;;;;;;;;;;;;;;;;
;;;;;;;;;;;;;;;;;;;;;;;;;;;
;;;;;;;;;;;;;;;;;;;;;;;;;;;
;;;;;;;;;;;;;;;;;;;;;;;;;;;
;;;;;;;;;;;;;;;;;;;;;;;;;;;
;;;;;;;;;;;;;;;;;;;;;;;;;;;
;;;;;;;;;;;;;;;;;;;;;;;;;;;
;;;;;;;;;;;;;;;;;;;;;;;;;;;
;;;;;;;;;;;;;;;;;;;;;;;;;;;
;;;;;;;;;;;;;;;;;;;;;;;;;;;
;;;;;;;;;;;;;;;;;;;;;;;;;;;
;;;;;;;;;;;;;;;;;;;;;;;;;;;
;;;;;;;;;;;;;;;;;;;;;;;;;;;
;;;;;;;;;;;;;;;;;;;;;;;;;;;
;;;;;;;;;;;;;;;;;;;;;;;;;;;
;;;;;;;;;;;;;;;;;;;;;;;;;;;
;;;;;;;;;;;;;;;;;;;;;;;;;;;
;;;;;;;;;;;;;;;;;;;;;;;;;;;
;;;;;;;;;;;;;;;;;;;;;;;;;;;
;;;;;;;;;;;;;;;;;;;;;;;;;;;
;;;;;;;;;;;;;;;;;;;;;;;;;;;
;;;;;;;;;;;;;;;;;;;;;;;;;;;
;;;;;;;;;;;;;;;;;;;;;;;;;;;
;;;;;;;;;;;;;;;;;;;;;;;;;;;
;;;;;;;;;;;;;;;;;;;;;;;;;;;
;;;;;;;;;;;;;;;;;;;;;;;;;;;
;;;;;;;;;;;;;;;;;;;;;;;;;;;
;;;;;;;;;;;;;;;;;;;;;;;;;;;
;;;;;;;;;;;;;;;;;;;;;;;;;;;
;;;;;;;;;;;;;;;;;;;;;;;;;;;
;;;;;;;;;;;;;;;;;;;;;;;;;;;
;;;;;;;;;;;;;;;;;;;;;;;;;;;
;;;;;;;;;;;;;;;;;;;;;;;;;;;
;;;;;;;;;;;;;;;;;;;;;;;;;;;
;;;;;;;;;;;;;;;;;;;;;;;;;;;
;;;;;;;;;;;;;;;;;;;;;;;;;;;
;;;;;;;;;;;;;;;;;;;;;;;;;;;
;;;;;;;;;;;;;;;;;;;;;;;;;;;
;;;;;;;;;;;;;;;;;;;;;;;;;;;
;;;;;;;;;;;;;;;;;;;;;;;;;;;
;;;;;;;;;;;;;;;;;;;;;;;;;;;
;;;;;;;;;;;;;;;;;;;;;;;;;;;
;;;;;;;;;;;;;;;;;;;;;;;;;;;
;;;;;;;;;;;;;;;;;;;;;;;;;;;
;;;;;;;;;;;;;;;;;;;;;;;;;;;
;;;;;;;;;;;;;;;;;;;;;;;;;;;
;;;;;;;;;;;;;;;;;;;;;;;;;;;
;;;;;;;;;;;;;;;;;;;;;;;;;;;
;;;;;;;;;;;;;;;;;;;;;;;;;;;
;;;;;;;;;;;;;;;;;;;;;;;;;;;
;;;;;;;;;;;;;;;;;;;;;;;;;;;
;;;;;;;;;;;;;;;;;;;;;;;;;;;
;;;;;;;;;;;;;;;;;;;;;;;;;;;
;;;;;;;;;;;;;;;;;;;;;;;;;;;
;;;;;;;;;;;;;;;;;;;;;;;;;;;
;;;;;;;;;;;;;;;;;;;;;;;;;;;
;;;;;;;;;;;;;;;;;;;;;;;;;;;
;;;;;;;;;;;;;;;;;;;;;;;;;;;
;;;;;;;;;;;;;;;;;;;;;;;;;;;
;;;;;;;;;;;;;;;;;;;;;;;;;;;
;;;;;;;;;;;;;;;;;;;;;;;;;;;
;;;;;;;;;;;;;;;;;;;;;;;;;;;
;;;;;;;;;;;;;;;;;;;;;;;;;;;
;;;;;;;;;;;;;;;;;;;;;;;;;;;
;;;;;;;;;;;;;;;;;;;;;;;;;;;
;;;;;;;;;;;;;;;;;;;;;;;;;;;
;;;;;;;;;;;;;;;;;;;;;;;;;;;
;;;;;;;;;;;;;;;;;;;;;;;;;;;
;;;;;;;;;;;;;;;;;;;;;;;;;;;
;;;;;;;;;;;;;;;;;;;;;;;;;;;
;;;;;;;;;;;;;;;;;;;;;;;;;;;
;;;;;;;;;;;;;;;;;;;;;;;;;;;
;;;;;;;;;;;;;;;;;;;;;;;;;;;
;;;;;;;;;;;;;;;;;;;;;;;;;;;
;;;;;;;;;;;;;;;;;;;;;;;;;;;
;;;;;;;;;;;;;;;;;;;;;;;;;;;
;;;;;;;;;;;;;;;;;;;;;;;;;;;
;;;;;;;;;;;;;;;;;;;;;;;;;;;
;;;;;;;;;;;;;;;;;;;;;;;;;;;
;;;;;;;;;;;;;;;;;;;;;;;;;;;
;;;;;;;;;;;;;;;;;;;;;;;;;;;
;;;;;;;;;;;;;;;;;;;;;;;;;;;
;;;;;;;;;;;;;;;;;;;;;;;;;;;
;;;;;;;;;;;;;;;;;;;;;;;;;;;
;;;;;;;;;;;;;;;;;;;;;;;;;;;
;;;;;;;;;;;;;;;;;;;;;;;;;;;
;;;;;;;;;;;;;;;;;;;;;;;;;;;
;;;;;;;;;;;;;;;;;;;;;;;;;;;
;;;;;;;;;;;;;;;;;;;;;;;;;;;
;;;;;;;;;;;;;;;;;;;;;;;;;;;
;;;;;;;;;;;;;;;;;;;;;;;;;;;
;;;;;;;;;;;;;;;;;;;;;;;;;;;
;;;;;;;;;;;;;;;;;;;;;;;;;;;
;;;;;;;;;;;;;;;;;;;;;;;;;;;
;;;;;;;;;;;;;;;;;;;;;;;;;;;
;;;;;;;;;;;;;;;;;;;;;;;;;;;
;;;;;;;;;;;;;;;;;;;;;;;;;;;
;;;;;;;;;;;;;;;;;;;;;;;;;;;
;;;;;;;;;;;;;;;;;;;;;;;;;;;
;;;;;;;;;;;;;;;;;;;;;;;;;;;
;;;;;;;;;;;;;;;;;;;;;;;;;;;
;;;;;;;;;;;;;;;;;;;;;;;;;;;
;;;;;;;;;;;;;;;;;;;;;;;;;;;
;;;;;;;;;;;;;;;;;;;;;;;;;;;
;;;;;;;;;;;;;;;;;;;;;;;;;;;
;;;;;;;;;;;;;;;;;;;;;;;;;;;
;;;;;;;;;;;;;;;;;;;;;;;;;;;
;;;;;;;;;;;;;;;;;;;;;;;;;;;
;;;;;;;;;;;;;;;;;;;;;;;;;;;
;;;;;;;;;;;;;;;;;;;;;;;;;;;
;;;;;;;;;;;;;;;;;;;;;;;;;;;
;;;;;;;;;;;;;;;;;;;;;;;;;;;
;;;;;;;;;;;;;;;;;;;;;;;;;;;
;;;;;;;;;;;;;;;;;;;;;;;;;;;
;;;;;;;;;;;;;;;;;;;;;;;;;;;
;;;;;;;;;;;;;;;;;;;;;;;;;;;
;;;;;;;;;;;;;;;;;;;;;;;;;;;
;;;;;;;;;;;;;;;;;;;;;;;;;;;
;;;;;;;;;;;;;;;;;;;;;;;;;;;
;;;;;;;;;;;;;;;;;;;;;;;;;;;
;;;;;;;;;;;;;;;;;;;;;;;;;;;
;;;;;;;;;;;;;;;;;;;;;;;;;;;
;;;;;;;;;;;;;;;;;;;;;;;;;;;
;;;;;;;;;;;;;;;;;;;;;;;;;;;
;;;;;;;;;;;;;;;;;;;;;;;;;;;
;;;;;;;;;;;;;;;;;;;;;;;;;;;
;;;;;;;;;;;;;;;;;;;;;;;;;;;
;;;;;;;;;;;;;;;;;;;;;;;;;;;
;;;;;;;;;;;;;;;;;;;;;;;;;;;
;;;;;;;;;;;;;;;;;;;;;;;;;;;
;;;;;;;;;;;;;;;;;;;;;;;;;;;
;;;;;;;;;;;;;;;;;;;;;;;;;;;
;;;;;;;;;;;;;;;;;;;;;;;;;;;
;;;;;;;;;;;;;;;;;;;;;;;;;;;
;;;;;;;;;;;;;;;;;;;;;;;;;;;
;;;;;;;;;;;;;;;;;;;;;;;;;;;
;;;;;;;;;;;;;;;;;;;;;;;;;;;
;;;;;;;;;;;;;;;;;;;;;;;;;;;
;;;;;;;;;;;;;;;;;;;;;;;;;;;
;;;;;;;;;;;;;;;;;;;;;;;;;;;
;;;;;;;;;;;;;;;;;;;;;;;;;;;
;;;;;;;;;;;;;;;;;;;;;;;;;;;
;;;;;;;;;;;;;;;;;;;;;;;;;;;
;;;;;;;;;;;;;;;;;;;;;;;;;;;
;;;;;;;;;;;;;;;;;;;;;;;;;;;
;;;;;;;;;;;;;;;;;;;;;;;;;;;
;;;;;;;;;;;;;;;;;;;;;;;;;;;
;;;;;;;;;;;;;;;;;;;;;;;;;;;
;;;;;;;;;;;;;;;;;;;;;;;;;;;
;;;;;;;;;;;;;;;;;;;;;;;;;;;
;;;;;;;;;;;;;;;;;;;;;;;;;;;
;;;;;;;;;;;;;;;;;;;;;;;;;;;
;;;;;;;;;;;;;;;;;;;;;;;;;;;
;;;;;;;;;;;;;;;;;;;;;;;;;;;
;;;;;;;;;;;;;;;;;;;;;;;;;;;
;;;;;;;;;;;;;;;;;;;;;;;;;;;
;;;;;;;;;;;;;;;;;;;;;;;;;;;
;;;;;;;;;;;;;;;;;;;;;;;;;;;
;;;;;;;;;;;;;;;;;;;;;;;;;;;
;;;;;;;;;;;;;;;;;;;;;;;;;;;
;;;;;;;;;;;;;;;;;;;;;;;;;;;
;;;;;;;;;;;;;;;;;;;;;;;;;;;
;;;;;;;;;;;;;;;;;;;;;;;;;;;
;;;;;;;;;;;;;;;;;;;;;;;;;;;
;;;;;;;;;;;;;;;;;;;;;;;;;;;
;;;;;;;;;;;;;;;;;;;;;;;;;;;
;;;;;;;;;;;;;;;;;;;;;;;;;;;
;;;;;;;;;;;;;;;;;;;;;;;;;;;
;;;;;;;;;;;;;;;;;;;;;;;;;;;
;;;;;;;;;;;;;;;;;;;;;;;;;;;
;;;;;;;;;;;;;;;;;;;;;;;;;;;
;;;;;;;;;;;;;;;;;;;;;;;;;;;
;;;;;;;;;;;;;;;;;;;;;;;;;;;
;;;;;;;;;;;;;;;;;;;;;;;;;;;
;;;;;;;;;;;;;;;;;;;;;;;;;;;
;;;;;;;;;;;;;;;;;;;;;;;;;;;
;;;;;;;;;;;;;;;;;;;;;;;;;;;
;;;;;;;;;;;;;;;;;;;;;;;;;;;
;;;;;;;;;;;;;;;;;;;;;;;;;;;
;;;;;;;;;;;;;;;;;;;;;;;;;;;
;;;;;;;;;;;;;;;;;;;;;;;;;;;
;;;;;;;;;;;;;;;;;;;;;;;;;;;
;;;;;;;;;;;;;;;;;;;;;;;;;;;
;;;;;;;;;;;;;;;;;;;;;;;;;;;
;;;;;;;;;;;;;;;;;;;;;;;;;;;
;;;;;;;;;;;;;;;;;;;;;;;;;;;
;;;;;;;;;;;;;;;;;;;;;;;;;;;
;;;;;;;;;;;;;;;;;;;;;;;;;;;
;;;;;;;;;;;;;;;;;;;;;;;;;;;
;;;;;;;;;;;;;;;;;;;;;;;;;;;
;;;;;;;;;;;;;;;;;;;;;;;;;;;
;;;;;;;;;;;;;;;;;;;;;;;;;;;
;;;;;;;;;;;;;;;;;;;;;;;;;;;
;;;;;;;;;;;;;;;;;;;;;;;;;;;
;;;;;;;;;;;;;;;;;;;;;;;;;;;
;;;;;;;;;;;;;;;;;;;;;;;;;;;
;;;;;;;;;;;;;;;;;;;;;;;;;;;
;;;;;;;;;;;;;;;;;;;;;;;;;;;
;;;;;;;;;;;;;;;;;;;;;;;;;;;
;;;;;;;;;;;;;;;;;;;;;;;;;;;
;;;;;;;;;;;;;;;;;;;;;;;;;;;
;;;;;;;;;;;;;;;;;;;;;;;;;;;
;;;;;;;;;;;;;;;;;;;;;;;;;;;
;;;;;;;;;;;;;;;;;;;;;;;;;;;
;;;;;;;;;;;;;;;;;;;;;;;;;;;
;;;;;;;;;;;;;;;;;;;;;;;;;;;
;;;;;;;;;;;;;;;;;;;;;;;;;;;
;;;;;;;;;;;;;;;;;;;;;;;;;;;
;;;;;;;;;;;;;;;;;;;;;;;;;;;
;;;;;;;;;;;;;;;;;;;;;;;;;;;
;;;;;;;;;;;;;;;;;;;;;;;;;;;
;;;;;;;;;;;;;;;;;;;;;;;;;;;
;;;;;;;;;;;;;;;;;;;;;;;;;;;
;;;;;;;;;;;;;;;;;;;;;;;;;;;
;;;;;;;;;;;;;;;;;;;;;;;;;;;
;;;;;;;;;;;;;;;;;;;;;;;;;;;
;;;;;;;;;;;;;;;;;;;;;;;;;;;
;;;;;;;;;;;;;;;;;;;;;;;;;;;
;;;;;;;;;;;;;;;;;;;;;;;;;;;
;;;;;;;;;;;;;;;;;;;;;;;;;;;
;;;;;;;;;;;;;;;;;;;;;;;;;;;
;;;;;;;;;;;;;;;;;;;;;;;;;;;
;;;;;;;;;;;;;;;;;;;;;;;;;;;
;;;;;;;;;;;;;;;;;;;;;;;;;;;
;;;;;;;;;;;;;;;;;;;;;;;;;;;
;;;;;;;;;;;;;;;;;;;;;;;;;;;
;;;;;;;;;;;;;;;;;;;;;;;;;;;
;;;;;;;;;;;;;;;;;;;;;;;;;;;
;;;;;;;;;;;;;;;;;;;;;;;;;;;
;;;;;;;;;;;;;;;;;;;;;;;;;;;
;;;;;;;;;;;;;;;;;;;;;;;;;;;
;;;;;;;;;;;;;;;;;;;;;;;;;;;
;;;;;;;;;;;;;;;;;;;;;;;;;;;
;;;;;;;;;;;;;;;;;;;;;;;;;;;
;;;;;;;;;;;;;;;;;;;;;;;;;;;
;;;;;;;;;;;;;;;;;;;;;;;;;;;
;;;;;;;;;;;;;;;;;;;;;;;;;;;
;;;;;;;;;;;;;;;;;;;;;;;;;;;
;;;;;;;;;;;;;;;;;;;;;;;;;;;
;;;;;;;;;;;;;;;;;;;;;;;;;;;
;;;;;;;;;;;;;;;;;;;;;;;;;;;
;;;;;;;;;;;;;;;;;;;;;;;;;;;
;;;;;;;;;;;;;;;;;;;;;;;;;;;
;;;;;;;;;;;;;;;;;;;;;;;;;;;
;;;;;;;;;;;;;;;;;;;;;;;;;;;
;;;;;;;;;;;;;;;;;;;;;;;;;;;
;;;;;;;;;;;;;;;;;;;;;;;;;;;
;;;;;;;;;;;;;;;;;;;;;;;;;;;
;;;;;;;;;;;;;;;;;;;;;;;;;;;
;;;;;;;;;;;;;;;;;;;;;;;;;;;
;;;;;;;;;;;;;;;;;;;;;;;;;;;
;;;;;;;;;;;;;;;;;;;;;;;;;;;
;;;;;;;;;;;;;;;;;;;;;;;;;;;
;;;;;;;;;;;;;;;;;;;;;;;;;;;
;;;;;;;;;;;;;;;;;;;;;;;;;;;
;;;;;;;;;;;;;;;;;;;;;;;;;;;
;;;;;;;;;;;;;;;;;;;;;;;;;;;
;;;;;;;;;;;;;;;;;;;;;;;;;;;
;;;;;;;;;;;;;;;;;;;;;;;;;;;
;;;;;;;;;;;;;;;;;;;;;;;;;;;
;;;;;;;;;;;;;;;;;;;;;;;;;;;
;;;;;;;;;;;;;;;;;;;;;;;;;;;
;;;;;;;;;;;;;;;;;;;;;;;;;;;
;;;;;;;;;;;;;;;;;;;;;;;;;;;
;;;;;;;;;;;;;;;;;;;;;;;;;;;
;;;;;;;;;;;;;;;;;;;;;;;;;;;
;;;;;;;;;;;;;;;;;;;;;;;;;;;
;;;;;;;;;;;;;;;;;;;;;;;;;;;
;;;;;;;;;;;;;;;;;;;;;;;;;;;
;;;;;;;;;;;;;;;;;;;;;;;;;;;
;;;;;;;;;;;;;;;;;;;;;;;;;;;
;;;;;;;;;;;;;;;;;;;;;;;;;;;
;;;;;;;;;;;;;;;;;;;;;;;;;;;
;;;;;;;;;;;;;;;;;;;;;;;;;;;
;;;;;;;;;;;;;;;;;;;;;;;;;;;
;;;;;;;;;;;;;;;;;;;;;;;;;;;
;;;;;;;;;;;;;;;;;;;;;;;;;;;
;;;;;;;;;;;;;;;;;;;;;;;;;;;
;;;;;;;;;;;;;;;;;;;;;;;;;;;
;;;;;;;;;;;;;;;;;;;;;;;;;;;
;;;;;;;;;;;;;;;;;;;;;;;;;;;
;;;;;;;;;;;;;;;;;;;;;;;;;;;
;;;;;;;;;;;;;;;;;;;;;;;;;;;
;;;;;;;;;;;;;;;;;;;;;;;;;;;
;;;;;;;;;;;;;;;;;;;;;;;;;;;
;;;;;;;;;;;;;;;;;;;;;;;;;;;
;;;;;;;;;;;;;;;;;;;;;;;;;;;
;;;;;;;;;;;;;;;;;;;;;;;;;;;
;;;;;;;;;;;;;;;;;;;;;;;;;;;
;;;;;;;;;;;;;;;;;;;;;;;;;;;
;;;;;;;;;;;;;;;;;;;;;;;;;;;
;;;;;;;;;;;;;;;;;;;;;;;;;;;
;;;;;;;;;;;;;;;;;;;;;;;;;;;
;;;;;;;;;;;;;;;;;;;;;;;;;;;
;;;;;;;;;;;;;;;;;;;;;;;;;;;
;;;;;;;;;;;;;;;;;;;;;;;;;;;
;;;;;;;;;;;;;;;;;;;;;;;;;;;
;;;;;;;;;;;;;;;;;;;;;;;;;;;
;;;;;;;;;;;;;;;;;;;;;;;;;;;
;;;;;;;;;;;;;;;;;;;;;;;;;;;
;;;;;;;;;;;;;;;;;;;;;;;;;;;
;;;;;;;;;;;;;;;;;;;;;;;;;;;
;;;;;;;;;;;;;;;;;;;;;;;;;;;
;;;;;;;;;;;;;;;;;;;;;;;;;;;
;;;;;;;;;;;;;;;;;;;;;;;;;;;
;;;;;;;;;;;;;;;;;;;;;;;;;;;
;;;;;;;;;;;;;;;;;;;;;;;;;;;
;;;;;;;;;;;;;;;;;;;;;;;;;;;
;;;;;;;;;;;;;;;;;;;;;;;;;;;
;;;;;;;;;;;;;;;;;;;;;;;;;;;
;;;;;;;;;;;;;;;;;;;;;;;;;;;
;;;;;;;;;;;;;;;;;;;;;;;;;;;
;;;;;;;;;;;;;;;;;;;;;;;;;;;
;;;;;;;;;;;;;;;;;;;;;;;;;;;
;;;;;;;;;;;;;;;;;;;;;;;;;;;
;;;;;;;;;;;;;;;;;;;;;;;;;;;
;;;;;;;;;;;;;;;;;;;;;;;;;;;
;;;;;;;;;;;;;;;;;;;;;;;;;;;
;;;;;;;;;;;;;;;;;;;;;;;;;;;
;;;;;;;;;;;;;;;;;;;;;;;;;;;
;;;;;;;;;;;;;;;;;;;;;;;;;;;
;;;;;;;;;;;;;;;;;;;;;;;;;;;
;;;;;;;;;;;;;;;;;;;;;;;;;;;
;;;;;;;;;;;;;;;;;;;;;;;;;;;
;;;;;;;;;;;;;;;;;;;;;;;;;;;
;;;;;;;;;;;;;;;;;;;;;;;;;;;
;;;;;;;;;;;;;;;;;;;;;;;;;;;
;;;;;;;;;;;;;;;;;;;;;;;;;;;
;;;;;;;;;;;;;;;;;;;;;;;;;;;
;;;;;;;;;;;;;;;;;;;;;;;;;;;
;;;;;;;;;;;;;;;;;;;;;;;;;;;
;;;;;;;;;;;;;;;;;;;;;;;;;;;
;;;;;;;;;;;;;;;;;;;;;;;;;;;
;;;;;;;;;;;;;;;;;;;;;;;;;;;
;;;;;;;;;;;;;;;;;;;;;;;;;;;
;;;;;;;;;;;;;;;;;;;;;;;;;;;
;;;;;;;;;;;;;;;;;;;;;;;;;;;
;;;;;;;;;;;;;;;;;;;;;;;;;;;
;;;;;;;;;;;;;;;;;;;;;;;;;;;
;;;;;;;;;;;;;;;;;;;;;;;;;;;
;;;;;;;;;;;;;;;;;;;;;;;;;;;
;;;;;;;;;;;;;;;;;;;;;;;;;;;
;;;;;;;;;;;;;;;;;;;;;;;;;;;
;;;;;;;;;;;;;;;;;;;;;;;;;;;
;;;;;;;;;;;;;;;;;;;;;;;;;;;
;;;;;;;;;;;;;;;;;;;;;;;;;;;
;;;;;;;;;;;;;;;;;;;;;;;;;;;
;;;;;;;;;;;;;;;;;;;;;;;;;;;
;;;;;;;;;;;;;;;;;;;;;;;;;;;
;;;;;;;;;;;;;;;;;;;;;;;;;;;
;;;;;;;;;;;;;;;;;;;;;;;;;;;
;;;;;;;;;;;;;;;;;;;;;;;;;;;
