;N°;CODIGO;MZ;LOTE;ETAPA;AREA;UBICACIÓN;PRECIO LISTA;DSCTO POR PRE-VENTA;PRECIO FINAL;INICIAL;84 CUOTAS
;1;G1;G;1;2;200;ESQUINA;S/ 39,000.00;S/ 5,000.00;S/ 35,000.00;S/ 2,000.00;S/ 380.95
;2;G2;G;2;2;200;ESTANDAR;S/ 37,000.00;S/ 8,000.00;S/ 29,000.00;S/ 2,000.00;S/ 321.43
;3;G3;G;3;2;200;ESTANDAR;S/ 37,000.00;S/ 8,000.00;S/ 29,000.00;S/ 2,000.00;S/ 321.43
;4;G4;G;4;2;200;ESTANDAR;S/ 37,000.00;S/ 8,000.00;S/ 29,000.00;S/ 2,000.00;S/ 321.43
;5;G5;G;5;2;200;ESTANDAR;S/ 37,000.00;S/ 8,000.00;S/ 29,000.00;S/ 2,000.00;S/ 321.43
;6;G6;G;6;2;200;ESTANDAR;S/ 37,000.00;S/ 8,000.00;S/ 29,000.00;S/ 2,000.00;S/ 321.43
;7;G7;G;7;2;200;FRENTE CLUB HOUSE;S/ 48,000.00;S/ 8,000.00;S/ 40,000.00;S/ 2,000.00;S/ 452.38
;8;G8;G;8;2;200;FRENTE OTROS FINES;S/ 37,000.00;S/ 5,000.00;S/ 40,000.00;S/ 2,000.00;S/ 452.38
;9;G9;G;9;2;200;FRENTE CLUB HOUSE;S/ 48,000.00;S/ 8,000.00;S/ 40,000.00;S/ 2,000.00;S/ 452.38
;10;G10;G;10;2;200;FRENTE CLUB HOUSE;S/ 48,000.00;S/ 8,000.00;S/ 40,000.00;S/ 2,000.00;S/ 452.38
;11;G11;G;11;2;200;FRENTE CLUB HOUSE;S/ 48,000.00;S/ 8,000.00;S/ 40,000.00;S/ 2,000.00;S/ 452.38
;12;G12;G;12;2;200;FRENTE CLUB HOUSE;S/ 48,000.00;S/ 8,000.00;S/ 40,000.00;S/ 2,000.00;S/ 452.38
;13;G13;G;13;2;200;FRENTE CLUB HOUSE;S/ 48,000.00;S/ 8,000.00;S/ 40,000.00;S/ 2,000.00;S/ 452.38
;14;G14;G;14;2;200;FRENTE CLUB HOUSE;S/ 48,000.00;S/ 8,000.00;S/ 40,000.00;S/ 2,000.00;S/ 452.38
;15;G15;G;15;2;200;FRENTE CLUB HOUSE;S/ 48,000.00;S/ 8,000.00;S/ 40,000.00;S/ 2,000.00;S/ 452.38
;16;G16;G;16;2;200;ESTANDAR;S/ 37,000.00;S/ 8,000.00;S/ 29,000.00;S/ 2,000.00;S/ 321.43
;17;G17;G;17;2;200;ESTANDAR;S/ 35,000.00;S/ 5,000.00;S/ 29,000.00;S/ 2,000.00;S/ 321.43
;18;G18;G;18;2;200;ESQUINA;S/ 39,000.00;S/ 5,000.00;S/ 35,000.00;S/ 2,000.00;S/ 392.86
;19;H1;H;1;2;202.44;ESQUINA;S/ 39,414.80;S/ 5,000.00;S/ 35,427.00;S/ 2,000.00;S/ 397.94
;20;H2;H;2;2;200.03;ESTANDAR;S/ 37,004.35;S/ 8,000.00;S/ 29,004.35;S/ 2,000.00;S/ 321.48
;21;H3;H;3;2;200.03;ESTANDAR;S/ 37,004.35;S/ 8,000.00;S/ 29,004.35;S/ 2,000.00;S/ 321.48
;22;H4;H;4;2;200.03;ESTANDAR;S/ 37,004.35;S/ 8,000.00;S/ 29,004.35;S/ 2,000.00;S/ 321.48
;23;H5;H;5;2;200.03;ESTANDAR;S/ 37,004.35;S/ 8,000.00;S/ 29,004.35;S/ 2,000.00;S/ 321.48
;24;H6;H;6;2;202.44;ESQUINA;S/ 43,427.00;S/ 8,000.00;S/ 35,427.00;S/ 2,000.00;S/ 397.94
;25;H7;H;7;2;295.75;ESTANDAR;S/ 50,883.75;S/ 8,000.00;S/ 42,883.75;S/ 2,000.00;S/ 486.71
;26;H8;H;8;2;295.75;ESQ. OTROS FINES;S/ 61,192.50;S/ 5,000.00;S/ 54,713.75;S/ 2,000.00;S/ 627.54
;27;H9;H;9;2;3612;LOTE OTROS FINES;;;;;S/ 0.00
;28;H10;H;10;2;202.44;ESQ.FRENTE PARQ-O.FINES;S/ 43,463.60;S/ 5,000.00;S/ 37,451.40;S/ 2,000.00;S/ 422.04
;29;H11;H;11;2;200.03;FRENTE CLUB HOUSE;S/ 48,006.00;S/ 8,000.00;S/ 40,006.00;S/ 2,000.00;S/ 452.45
;30;H12;H;12;2;200.03;FRENTE CLUB HOUSE;S/ 48,006.00;S/ 8,000.00;S/ 40,006.00;S/ 2,000.00;S/ 452.45
;31;H13;H;13;2;200.03;FRENTE CLUB HOUSE;S/ 48,006.00;S/ 8,000.00;S/ 40,006.00;S/ 2,000.00;S/ 452.45
;32;H14;H;14;2;200.03;FRENTE CLUB HOUSE;S/ 48,006.00;S/ 8,000.00;S/ 40,006.00;S/ 2,000.00;S/ 452.45
;33;H15;H;15;2;202.44;ESQ.FRENTE A PARQ-O.FINES;S/ 43,463.60;S/ 5,000.00;S/ 37,451.40;S/ 2,000.00;S/ 422.04
;34;H16;H;16;2;295.75;ESQUINA FRENTE CLUB HOUSE;S/ 59,756.25;S/ 8,000.00;S/ 51,756.25;S/ 2,000.00;S/ 592.34
;35;H17;H;17;2;295.75;ESTANDAR;S/ 50,883.75;S/ 8,000.00;S/ 42,883.75;S/ 2,000.00;S/ 486.71
;36;I1;I;1;2;200;ESQUINA;S/ 39,000.00;S/ 5,000.00;S/ 35,000.00;S/ 2,000.00;S/ 392.86
;37;I2;I;2;2;200;ESTANDAR;S/ 37,000.00;S/ 8,000.00;S/ 29,000.00;S/ 2,000.00;S/ 321.43
;38;I3;I;3;2;200;ESTANDAR;S/ 37,000.00;S/ 8,000.00;S/ 29,000.00;S/ 2,000.00;S/ 321.43
;39;I4;I;4;2;200;ESTANDAR;S/ 37,000.00;S/ 8,000.00;S/ 29,000.00;S/ 2,000.00;S/ 321.43
;40;I5;I;5;2;200;ESTANDAR;S/ 37,000.00;S/ 8,000.00;S/ 29,000.00;S/ 2,000.00;S/ 321.43
;41;I6;I;6;2;200;ESTANDAR;S/ 37,000.00;S/ 8,000.00;S/ 29,000.00;S/ 2,000.00;S/ 321.43
;42;I7;I;7;2;200;FRENTE CLUB HOUSE;S/ 48,000.00;S/ 8,000.00;S/ 40,000.00;S/ 2,000.00;S/ 452.38
;43;I8;I;8;2;200;FRENTE CLUB HOUSE;S/ 48,000.00;S/ 8,000.00;S/ 40,000.00;S/ 2,000.00;S/ 452.38
;44;I9;I;9;2;200;FRENTE CLUB HOUSE;S/ 48,000.00;S/ 8,000.00;S/ 40,000.00;S/ 2,000.00;S/ 452.38
;45;I10;I;10;2;200;FRENTE CLUB HOUSE;S/ 48,000.00;S/ 8,000.00;S/ 40,000.00;S/ 2,000.00;S/ 452.38
;46;I11;I;11;2;200;FRENTE CLUB HOUSE;S/ 48,000.00;S/ 8,000.00;S/ 40,000.00;S/ 2,000.00;S/ 452.38
;47;I12;I;12;2;200;FRENTE CLUB HOUSE;S/ 48,000.00;S/ 8,000.00;S/ 40,000.00;S/ 2,000.00;S/ 452.38
;48;I13;I;13;2;200;FRENTE CLUB HOUSE;S/ 48,000.00;S/ 8,000.00;S/ 40,000.00;S/ 2,000.00;S/ 452.38
;49;I14;I;14;2;200;FRENTE CLUB HOUSE;S/ 48,000.00;S/ 8,000.00;S/ 40,000.00;S/ 2,000.00;S/ 452.38
;50;I15;I;15;2;200;FRENTE CLUB HOUSE;S/ 48,000.00;S/ 8,000.00;S/ 40,000.00;S/ 2,000.00;S/ 452.38
;51;I16;I;16;2;200;ESTANDAR;S/ 37,000.00;S/ 8,000.00;S/ 29,000.00;S/ 2,000.00;S/ 321.43
;52;I17;I;17;2;200;ESTANDAR;S/ 37,000.00;S/ 8,000.00;S/ 29,000.00;S/ 2,000.00;S/ 321.43
;53;I18;I;18;2;200;ESQUINA;S/ 39,000.00;S/ 5,000.00;S/ 35,000.00;S/ 2,000.00;S/ 392.86
;54;J1;J;1;2;200;ESQ. FRENTE A PARQUE;S/ 38,000.00;S/ 5,000.00;S/ 37,000.00;S/ 2,000.00;S/ 416.67
;55;J2;J;2;2;200;FRENTE PARQUE;S/ 32,000.00;S/ 5,000.00;S/ 31,000.00;S/ 2,000.00;S/ 345.24
;56;J3;J;3;2;200;FRENTE PARQUE;S/ 39,000.00;S/ 8,000.00;S/ 31,000.00;S/ 2,000.00;S/ 345.24
;57;J4;J;4;2;200;FRENTE PARQUE;S/ 39,000.00;S/ 8,000.00;S/ 31,000.00;S/ 2,000.00;S/ 345.24
;58;J5;J;5;2;200;FRENTE PARQUE;S/ 39,000.00;S/ 8,000.00;S/ 31,000.00;S/ 2,000.00;S/ 345.24
;59;J6;J;6;2;200;FRENTE PARQUE;S/ 39,000.00;S/ 8,000.00;S/ 31,000.00;S/ 2,000.00;S/ 345.24
;60;J7;J;7;2;200;FRENTE PARQUE;S/ 39,000.00;S/ 8,000.00;S/ 31,000.00;S/ 2,000.00;S/ 345.24
;61;J8;J;8;2;200;FRENTE PARQUE;S/ 39,000.00;S/ 8,000.00;S/ 31,000.00;S/ 2,000.00;S/ 345.24
;62;J9;J;9;2;200;FRENTE PARQUE;S/ 32,000.00;S/ 5,000.00;S/ 31,000.00;S/ 2,000.00;S/ 345.24
;63;J10;J;10;2;200;ESTANDAR;S/ 37,000.00;S/ 8,000.00;S/ 29,000.00;S/ 2,000.00;S/ 321.43
;64;J11;J;11;2;200;ESTANDAR;S/ 37,000.00;S/ 8,000.00;S/ 29,000.00;S/ 2,000.00;S/ 321.43
;65;J12;J;12;2;200;ESTANDAR;S/ 37,000.00;S/ 8,000.00;S/ 29,000.00;S/ 2,000.00;S/ 321.43
;66;J13;J;13;2;200;ESTANDAR;S/ 37,000.00;S/ 8,000.00;S/ 29,000.00;S/ 2,000.00;S/ 321.43
;67;J14;J;14;2;200;ESTANDAR;S/ 37,000.00;S/ 8,000.00;S/ 29,000.00;S/ 2,000.00;S/ 321.43
;68;J15;J;15;2;200;ESTANDAR;S/ 37,000.00;S/ 8,000.00;S/ 29,000.00;S/ 2,000.00;S/ 321.43
;69;J16;J;16;2;200;ESTANDAR;S/ 37,000.00;S/ 8,000.00;S/ 29,000.00;S/ 2,000.00;S/ 321.43
;70;J17;J;17;2;200;ESTANDAR;S/ 37,000.00;S/ 8,000.00;S/ 29,000.00;S/ 2,000.00;S/ 321.43
;71;J18;J;18;2;200;ESQUINA;S/ 43,000.00;S/ 8,000.00;S/ 35,000.00;S/ 2,000.00;S/ 392.86
;72;K1;K;1;2;202.44;ESQ. FRENTE A PARQUE;S/ 38,000.00;S/ 5,000.00;S/ 37,451.40;S/ 2,000.00;S/ 422.04
;73;K2;K;2;2;200.03;FRENTE PARQUE;S/ 39,004.65;S/ 8,000.00;S/ 31,004.65;S/ 2,000.00;S/ 345.29
;74;K3;K;3;2;200.03;FRENTE PARQUE;S/ 39,004.65;S/ 8,000.00;S/ 31,004.65;S/ 2,000.00;S/ 345.29
;75;K4;K;4;2;200.03;FRENTE PARQUE;S/ 39,004.65;S/ 8,000.00;S/ 31,004.65;S/ 2,000.00;S/ 345.29
;76;K5;K;5;2;200.03;FRENTE PARQUE;S/ 39,004.65;S/ 8,000.00;S/ 31,004.65;S/ 2,000.00;S/ 345.29
;77;K6;K;6;2;202.44;ESQ. FRENTE A PARQUE;S/ 45,451.40;S/ 8,000.00;S/ 37,451.40;S/ 2,000.00;S/ 422.04
;78;K7;K;7;2;200;ESTANDAR;S/ 37,000.00;S/ 8,000.00;S/ 29,000.00;S/ 2,000.00;S/ 321.43
;79;K8;K;8;2;200;ESTANDAR;S/ 37,000.00;S/ 8,000.00;S/ 29,000.00;S/ 2,000.00;S/ 321.43
;80;K9;K;9;2;200;ESTANDAR;S/ 37,000.00;S/ 8,000.00;S/ 29,000.00;S/ 2,000.00;S/ 321.43
;81;K10;K;10;2;200;ESTANDAR;S/ 37,000.00;S/ 8,000.00;S/ 29,000.00;S/ 2,000.00;S/ 321.43
;82;K11;K;11;2;200;ESQUINA;S/ 43,000.00;S/ 8,000.00;S/ 35,000.00;S/ 2,000.00;S/ 392.86
;83;K12;K;12;2;200;ESQUINA;S/ 43,000.00;S/ 8,000.00;S/ 35,000.00;S/ 2,000.00;S/ 392.86
;84;K13;K;13;2;200;ESTANDAR;S/ 37,000.00;S/ 8,000.00;S/ 29,000.00;S/ 2,000.00;S/ 321.43
;85;K14;K;14;2;200;ESTANDAR;S/ 37,000.00;S/ 8,000.00;S/ 29,000.00;S/ 2,000.00;S/ 321.43
;86;K15;K;15;2;200;ESTANDAR;S/ 37,000.00;S/ 8,000.00;S/ 29,000.00;S/ 2,000.00;S/ 321.43
;87;K16;K;16;2;200;ESTANDAR;S/ 37,000.00;S/ 8,000.00;S/ 29,000.00;S/ 2,000.00;S/ 321.43
;88;L1;L;1;2;200;ESQ. FRENTE A PARQUE;S/ 38,000.00;S/ 5,000.00;S/ 37,000.00;S/ 2,000.00;S/ 416.67
;89;L2;L;2;2;200;FRENTE PARQUE;S/ 32,000.00;S/ 5,000.00;S/ 31,000.00;S/ 2,000.00;S/ 345.24
;90;L3;L;3;2;200;FRENTE PARQUE;S/ 39,000.00;S/ 8,000.00;S/ 31,000.00;S/ 2,000.00;S/ 345.24
;91;L4;L;4;2;200;FRENTE PARQUE;S/ 39,000.00;S/ 8,000.00;S/ 31,000.00;S/ 2,000.00;S/ 345.24
;92;L5;L;5;2;200;FRENTE PARQUE;S/ 39,000.00;S/ 8,000.00;S/ 31,000.00;S/ 2,000.00;S/ 345.24
;93;L6;L;6;2;200;FRENTE PARQUE;S/ 39,000.00;S/ 8,000.00;S/ 31,000.00;S/ 2,000.00;S/ 345.24
;94;L7;L;7;2;200;FRENTE PARQUE;S/ 39,000.00;S/ 8,000.00;S/ 31,000.00;S/ 2,000.00;S/ 345.24
;95;L8;L;8;2;200;FRENTE PARQUE;S/ 39,000.00;S/ 8,000.00;S/ 31,000.00;S/ 2,000.00;S/ 345.24
;96;L9;L;9;2;200;FRENTE PARQUE;S/ 39,000.00;S/ 8,000.00;S/ 31,000.00;S/ 2,000.00;S/ 345.24
;97;L10;L;10;2;200;ESTANDAR;S/ 37,000.00;S/ 8,000.00;S/ 29,000.00;S/ 2,000.00;S/ 321.43
;98;L11;L;11;2;200;ESTANDAR;S/ 37,000.00;S/ 8,000.00;S/ 29,000.00;S/ 2,000.00;S/ 321.43
;99;L12;L;12;2;200;ESTANDAR;S/ 37,000.00;S/ 8,000.00;S/ 29,000.00;S/ 2,000.00;S/ 321.43
;100;L13;L;13;2;200;ESTANDAR;S/ 37,000.00;S/ 8,000.00;S/ 29,000.00;S/ 2,000.00;S/ 321.43
;101;L14;L;14;2;200;ESTANDAR;S/ 37,000.00;S/ 8,000.00;S/ 29,000.00;S/ 2,000.00;S/ 321.43
;102;L15;L;15;2;200;ESTANDAR;S/ 37,000.00;S/ 8,000.00;S/ 29,000.00;S/ 2,000.00;S/ 321.43
;103;L16;L;16;2;200;ESTANDAR;S/ 37,000.00;S/ 8,000.00;S/ 29,000.00;S/ 2,000.00;S/ 321.43
;104;L17;L;17;2;200;ESTANDAR;S/ 37,000.00;S/ 8,000.00;S/ 29,000.00;S/ 2,000.00;S/ 321.43
;105;L18;L;18;2;200;ESQUINA;S/ 43,000.00;S/ 8,000.00;S/ 35,000.00;S/ 2,000.00;S/ 392.86
